<annotation verified="yes">
    <folder>Annotation</folder>
    <filename>cat.619.jpg</filename>
    <path>cat_new-PascalVOC-export/Annotations/cat.619.jpg</path>
    <source>
        <database>Unknown</database>
    </source>
    <size>
        <width>256</width>
        <height>256</height>
        <depth>3</depth>
    </size>
    <segmented>0</segmented>
    <object>
    <name>cat</name>
    <pose>Unspecified</pose>
    <truncated>0</truncated>
    <difficult>0</difficult>
    <bndbox>
        <xmin>0.2531117584745763</xmin>
        <ymin>4.338983050847458</ymin>
        <xmax>255.27683615819208</xmax>
        <ymax>246.74351165254237</ymax>
    </bndbox>
</object>
</annotation>
