<annotation verified="yes">
    <folder>Annotation</folder>
    <filename>cat.115.jpg</filename>
    <path>Cat-PascalVOC-export/Annotations/cat.115.jpg</path>
    <source>
        <database>Unknown</database>
    </source>
    <size>
        <width>256</width>
        <height>256</height>
        <depth>3</depth>
    </size>
    <segmented>0</segmented>
    <object>
    <name>cat</name>
    <pose>Unspecified</pose>
    <truncated>0</truncated>
    <difficult>0</difficult>
    <bndbox>
        <xmin>38.87005649717514</xmin>
        <ymin>22.27344853460452</ymin>
        <xmax>198.83390713276836</xmax>
        <ymax>244.14011740819208</ymax>
    </bndbox>
</object>
</annotation>
