<annotation verified="yes">
    <folder>Annotation</folder>
    <filename>cat.832.jpg</filename>
    <path>cat_new-PascalVOC-export/Annotations/cat.832.jpg</path>
    <source>
        <database>Unknown</database>
    </source>
    <size>
        <width>256</width>
        <height>256</height>
        <depth>3</depth>
    </size>
    <segmented>0</segmented>
    <object>
    <name>cat</name>
    <pose>Unspecified</pose>
    <truncated>0</truncated>
    <difficult>0</difficult>
    <bndbox>
        <xmin>14.282485875706215</xmin>
        <ymin>6.94237453654661</ymin>
        <xmax>256</xmax>
        <ymax>243.85085628531075</ymax>
    </bndbox>
</object>
</annotation>
