<annotation verified="yes">
    <folder>Annotation</folder>
    <filename>cat.78.jpg</filename>
    <path>Cat-PascalVOC-export/Annotations/cat.78.jpg</path>
    <source>
        <database>Unknown</database>
    </source>
    <size>
        <width>256</width>
        <height>256</height>
        <depth>3</depth>
    </size>
    <segmented>0</segmented>
    <object>
    <name>cat</name>
    <pose>Unspecified</pose>
    <truncated>0</truncated>
    <difficult>0</difficult>
    <bndbox>
        <xmin>22.671190854519775</xmin>
        <ymin>13.306215792725988</ymin>
        <xmax>252.05874823446328</xmax>
        <ymax>245.0079228460452</ymax>
    </bndbox>
</object>
</annotation>
