<annotation verified="yes">
    <folder>Annotation</folder>
    <filename>cat.682.jpg</filename>
    <path>cat_new-PascalVOC-export/Annotations/cat.682.jpg</path>
    <source>
        <database>Unknown</database>
    </source>
    <size>
        <width>256</width>
        <height>256</height>
        <depth>3</depth>
    </size>
    <segmented>0</segmented>
    <object>
    <name>cat</name>
    <pose>Unspecified</pose>
    <truncated>0</truncated>
    <difficult>0</difficult>
    <bndbox>
        <xmin>9.654241701977401</xmin>
        <ymin>33.84407000353107</ymin>
        <xmax>223.71073887711864</xmax>
        <ymax>256</ymax>
    </bndbox>
</object>
</annotation>
