<annotation verified="yes">
    <folder>Annotation</folder>
    <filename>cat.32.jpg</filename>
    <path>Cat-PascalVOC-export/Annotations/cat.32.jpg</path>
    <source>
        <database>Unknown</database>
    </source>
    <size>
        <width>256</width>
        <height>256</height>
        <depth>3</depth>
    </size>
    <segmented>0</segmented>
    <object>
    <name>cat</name>
    <pose>Unspecified</pose>
    <truncated>0</truncated>
    <difficult>0</difficult>
    <bndbox>
        <xmin>5.315258651129944</xmin>
        <ymin>70.2915232168079</ymin>
        <xmax>246.2734375</xmax>
        <ymax>215.50282485875704</ymax>
    </bndbox>
</object>
</annotation>
