<annotation verified="yes">
    <folder>Annotation</folder>
    <filename>cat.110.jpg</filename>
    <path>Cat-PascalVOC-export/Annotations/cat.110.jpg</path>
    <source>
        <database>Unknown</database>
    </source>
    <size>
        <width>256</width>
        <height>256</height>
        <depth>3</depth>
    </size>
    <segmented>0</segmented>
    <object>
    <name>cat</name>
    <pose>Unspecified</pose>
    <truncated>0</truncated>
    <difficult>0</difficult>
    <bndbox>
        <xmin>9.07570842161017</xmin>
        <ymin>32.97627008298023</ymin>
        <xmax>234.4135769774011</xmax>
        <ymax>231.41242937853107</ymax>
    </bndbox>
</object>
</annotation>
