<annotation verified="yes">
    <folder>Annotation</folder>
    <filename>cat.47.jpg</filename>
    <path>Cat-PascalVOC-export/Annotations/cat.47.jpg</path>
    <source>
        <database>Unknown</database>
    </source>
    <size>
        <width>256</width>
        <height>256</height>
        <depth>3</depth>
    </size>
    <segmented>0</segmented>
    <object>
    <name>cat</name>
    <pose>Unspecified</pose>
    <truncated>0</truncated>
    <difficult>0</difficult>
    <bndbox>
        <xmin>5.315258651129944</xmin>
        <ymin>2.024858205331921</ymin>
        <xmax>244.53787076271186</xmax>
        <ymax>240.37965660310735</ymax>
    </bndbox>
</object>
</annotation>
