<annotation verified="yes">
    <folder>Annotation</folder>
    <filename>cat.213.jpg</filename>
    <path>Cat-PascalVOC-export/Annotations/cat.213.jpg</path>
    <source>
        <database>Unknown</database>
    </source>
    <size>
        <width>256</width>
        <height>256</height>
        <depth>3</depth>
    </size>
    <segmented>0</segmented>
    <object>
    <name>cat</name>
    <pose>Unspecified</pose>
    <truncated>0</truncated>
    <difficult>0</difficult>
    <bndbox>
        <xmin>0.3977423199152542</xmin>
        <ymin>2.6033914856991527</ymin>
        <xmax>252.63731461864407</xmax>
        <ymax>256</ymax>
    </bndbox>
</object>
</annotation>
