<annotation verified="yes">
    <folder>Annotation</folder>
    <filename>cat.793.jpg</filename>
    <path>cat_new-PascalVOC-export/Annotations/cat.793.jpg</path>
    <source>
        <database>Unknown</database>
    </source>
    <size>
        <width>256</width>
        <height>256</height>
        <depth>3</depth>
    </size>
    <segmented>0</segmented>
    <object>
    <name>cat</name>
    <pose>Unspecified</pose>
    <truncated>0</truncated>
    <difficult>0</difficult>
    <bndbox>
        <xmin>3.0011365642655368</xmin>
        <ymin>7.810168939795198</ymin>
        <xmax>218.21468926553675</xmax>
        <ymax>245.0079228460452</ymax>
    </bndbox>
</object>
</annotation>
