<annotation verified="yes">
    <folder>Annotation</folder>
    <filename>cat.295.jpg</filename>
    <path>Cat-PascalVOC-export/Annotations/cat.295.jpg</path>
    <source>
        <database>Unknown</database>
    </source>
    <size>
        <width>256</width>
        <height>256</height>
        <depth>3</depth>
    </size>
    <segmented>0</segmented>
    <object>
    <name>cat</name>
    <pose>Unspecified</pose>
    <truncated>0</truncated>
    <difficult>0</difficult>
    <bndbox>
        <xmin>10.232774982344633</xmin>
        <ymin>11.281357587394067</ymin>
        <xmax>256</xmax>
        <ymax>203.06442002118644</ymax>
    </bndbox>
</object>
</annotation>
