<annotation verified="yes">
    <folder>Annotation</folder>
    <filename>cat.237.jpg</filename>
    <path>Cat-PascalVOC-export/Annotations/cat.237.jpg</path>
    <source>
        <database>Unknown</database>
    </source>
    <size>
        <width>256</width>
        <height>256</height>
        <depth>3</depth>
    </size>
    <segmented>0</segmented>
    <object>
    <name>cat</name>
    <pose>Unspecified</pose>
    <truncated>0</truncated>
    <difficult>0</difficult>
    <bndbox>
        <xmin>4.15819209039548</xmin>
        <ymin>37.89378641419491</ymin>
        <xmax>245.9841984463277</xmax>
        <ymax>250.21468926553672</ymax>
    </bndbox>
</object>
</annotation>
