<annotation verified="yes">
    <folder>Annotation</folder>
    <filename>cat.60.jpg</filename>
    <path>Cat-PascalVOC-export/Annotations/cat.60.jpg</path>
    <source>
        <database>Unknown</database>
    </source>
    <size>
        <width>256</width>
        <height>256</height>
        <depth>3</depth>
    </size>
    <segmented>0</segmented>
    <object>
    <name>cat</name>
    <pose>Unspecified</pose>
    <truncated>0</truncated>
    <difficult>0</difficult>
    <bndbox>
        <xmin>4.15819209039548</xmin>
        <ymin>13.88474907309322</ymin>
        <xmax>233.25648834745763</xmax>
        <ymax>237.19774011299435</ymax>
    </bndbox>
</object>
</annotation>
