<annotation verified="yes">
    <folder>Annotation</folder>
    <filename>cat.29.jpg</filename>
    <path>Cat-PascalVOC-export/Annotations/cat.29.jpg</path>
    <source>
        <database>Unknown</database>
    </source>
    <size>
        <width>256</width>
        <height>256</height>
        <depth>3</depth>
    </size>
    <segmented>0</segmented>
    <object>
    <name>cat</name>
    <pose>Unspecified</pose>
    <truncated>0</truncated>
    <difficult>0</difficult>
    <bndbox>
        <xmin>23.249724134887007</xmin>
        <ymin>19.091526527189266</ymin>
        <xmax>251.19098693502823</xmax>
        <ymax>256</ymax>
    </bndbox>
</object>
</annotation>
