<annotation verified="yes">
    <folder>Annotation</folder>
    <filename>cat.634.jpg</filename>
    <path>cat_new-PascalVOC-export/Annotations/cat.634.jpg</path>
    <source>
        <database>Unknown</database>
    </source>
    <size>
        <width>256</width>
        <height>256</height>
        <depth>3</depth>
    </size>
    <segmented>0</segmented>
    <object>
    <name>cat</name>
    <pose>Unspecified</pose>
    <truncated>0</truncated>
    <difficult>0</difficult>
    <bndbox>
        <xmin>37.7130009710452</xmin>
        <ymin>5.785310734463277</ymin>
        <xmax>217.05762270480227</xmax>
        <ymax>224.180790960452</ymax>
    </bndbox>
</object>
</annotation>
