<annotation verified="yes">
    <folder>Annotation</folder>
    <filename>cat.219.jpg</filename>
    <path>Cat-PascalVOC-export/Annotations/cat.219.jpg</path>
    <source>
        <database>Unknown</database>
    </source>
    <size>
        <width>256</width>
        <height>256</height>
        <depth>3</depth>
    </size>
    <segmented>0</segmented>
    <object>
    <name>cat</name>
    <pose>Unspecified</pose>
    <truncated>0</truncated>
    <difficult>0</difficult>
    <bndbox>
        <xmin>16.8858801200565</xmin>
        <ymin>12.149151990642656</ymin>
        <xmax>256</xmax>
        <ymax>256</ymax>
    </bndbox>
</object>
</annotation>
