<annotation verified="yes">
    <folder>Annotation</folder>
    <filename>cat.193.jpg</filename>
    <path>Cat-PascalVOC-export/Annotations/cat.193.jpg</path>
    <source>
        <database>Unknown</database>
    </source>
    <size>
        <width>256</width>
        <height>256</height>
        <depth>3</depth>
    </size>
    <segmented>0</segmented>
    <object>
    <name>cat</name>
    <pose>Unspecified</pose>
    <truncated>0</truncated>
    <difficult>0</difficult>
    <bndbox>
        <xmin>3.5796588100282487</xmin>
        <ymin>28.34802590925141</ymin>
        <xmax>253.5050759180791</xmax>
        <ymax>247.90057821327684</ymax>
    </bndbox>
</object>
</annotation>
