<annotation verified="yes">
    <folder>Annotation</folder>
    <filename>cat.806.jpg</filename>
    <path>cat_new-PascalVOC-export/Annotations/cat.806.jpg</path>
    <source>
        <database>Unknown</database>
    </source>
    <size>
        <width>256</width>
        <height>256</height>
        <depth>3</depth>
    </size>
    <segmented>0</segmented>
    <object>
    <name>cat</name>
    <pose>Unspecified</pose>
    <truncated>0</truncated>
    <difficult>0</difficult>
    <bndbox>
        <xmin>8.497175141242938</xmin>
        <ymin>9.545763263594633</ymin>
        <xmax>256</xmax>
        <ymax>240.090395480226</ymax>
    </bndbox>
</object>
</annotation>
