<annotation verified="yes">
    <folder>Annotation</folder>
    <filename>cat.623.jpg</filename>
    <path>cat_new-PascalVOC-export/Annotations/cat.623.jpg</path>
    <source>
        <database>Unknown</database>
    </source>
    <size>
        <width>256</width>
        <height>256</height>
        <depth>3</depth>
    </size>
    <segmented>0</segmented>
    <object>
    <name>cat</name>
    <pose>Unspecified</pose>
    <truncated>0</truncated>
    <difficult>0</difficult>
    <bndbox>
        <xmin>4.4474642478813555</xmin>
        <ymin>2.3141248455155368</ymin>
        <xmax>256</xmax>
        <ymax>249.9254281426554</ymax>
    </bndbox>
</object>
</annotation>
