<annotation verified="yes">
    <folder>Annotation</folder>
    <filename>cat.826.jpg</filename>
    <path>cat_new-PascalVOC-export/Annotations/cat.826.jpg</path>
    <source>
        <database>Unknown</database>
    </source>
    <size>
        <width>256</width>
        <height>256</height>
        <depth>3</depth>
    </size>
    <segmented>0</segmented>
    <object>
    <name>cat</name>
    <pose>Unspecified</pose>
    <truncated>0</truncated>
    <difficult>0</difficult>
    <bndbox>
        <xmin>59.11864406779661</xmin>
        <ymin>8.677966101694915</ymin>
        <xmax>201.03954802259886</xmax>
        <ymax>256</ymax>
    </bndbox>
</object>
</annotation>
