<annotation verified="yes">
    <folder>Annotation</folder>
    <filename>cat.755.jpg</filename>
    <path>cat_new-PascalVOC-export/Annotations/cat.755.jpg</path>
    <source>
        <database>Unknown</database>
    </source>
    <size>
        <width>256</width>
        <height>256</height>
        <depth>3</depth>
    </size>
    <segmented>0</segmented>
    <object>
    <name>cat</name>
    <pose>Unspecified</pose>
    <truncated>0</truncated>
    <difficult>0</difficult>
    <bndbox>
        <xmin>11.968363788841808</xmin>
        <ymin>14.752543476341808</ymin>
        <xmax>250.03389830508473</xmax>
        <ymax>201.03954802259886</ymax>
    </bndbox>
</object>
</annotation>
