<annotation verified="yes">
    <folder>Annotation</folder>
    <filename>cat.754.jpg</filename>
    <path>cat_new-PascalVOC-export/Annotations/cat.754.jpg</path>
    <source>
        <database>Unknown</database>
    </source>
    <size>
        <width>256</width>
        <height>256</height>
        <depth>3</depth>
    </size>
    <segmented>0</segmented>
    <object>
    <name>cat</name>
    <pose>Unspecified</pose>
    <truncated>0</truncated>
    <difficult>0</difficult>
    <bndbox>
        <xmin>24.696051818502823</xmin>
        <ymin>54.09265757415254</ymin>
        <xmax>222.55367231638417</xmax>
        <ymax>247.90057821327684</ymax>
    </bndbox>
</object>
</annotation>
