<annotation verified="yes">
    <folder>Annotation</folder>
    <filename>cat.719.jpg</filename>
    <path>cat_new-PascalVOC-export/Annotations/cat.719.jpg</path>
    <source>
        <database>Unknown</database>
    </source>
    <size>
        <width>256</width>
        <height>256</height>
        <depth>3</depth>
    </size>
    <segmented>0</segmented>
    <object>
    <name>cat</name>
    <pose>Unspecified</pose>
    <truncated>0</truncated>
    <difficult>0</difficult>
    <bndbox>
        <xmin>39.73785090042373</xmin>
        <ymin>71.73785090042372</ymin>
        <xmax>199.12316825564972</xmax>
        <ymax>256</ymax>
    </bndbox>
</object>
</annotation>
