<annotation verified="yes">
    <folder>Annotation</folder>
    <filename>cat.212.jpg</filename>
    <path>Cat-PascalVOC-export/Annotations/cat.212.jpg</path>
    <source>
        <database>Unknown</database>
    </source>
    <size>
        <width>256</width>
        <height>256</height>
        <depth>3</depth>
    </size>
    <segmented>0</segmented>
    <object>
    <name>cat</name>
    <pose>Unspecified</pose>
    <truncated>0</truncated>
    <difficult>0</difficult>
    <bndbox>
        <xmin>19.48926332980226</xmin>
        <ymin>9.256496623411017</ymin>
        <xmax>214.7435116525424</xmax>
        <ymax>256</ymax>
    </bndbox>
</object>
</annotation>
