<annotation verified="yes">
    <folder>Annotation</folder>
    <filename>cat.705.jpg</filename>
    <path>cat_new-PascalVOC-export/Annotations/cat.705.jpg</path>
    <source>
        <database>Unknown</database>
    </source>
    <size>
        <width>256</width>
        <height>256</height>
        <depth>3</depth>
    </size>
    <segmented>0</segmented>
    <object>
    <name>cat</name>
    <pose>Unspecified</pose>
    <truncated>0</truncated>
    <difficult>0</difficult>
    <bndbox>
        <xmin>108.00452418785311</xmin>
        <ymin>37.025992010946325</ymin>
        <xmax>256</xmax>
        <ymax>216.08136917372883</ymax>
    </bndbox>
</object>
</annotation>
