<annotation verified="yes">
    <folder>Annotation</folder>
    <filename>cat.216.jpg</filename>
    <path>Cat-PascalVOC-export/Annotations/cat.216.jpg</path>
    <source>
        <database>Unknown</database>
    </source>
    <size>
        <width>256</width>
        <height>256</height>
        <depth>3</depth>
    </size>
    <segmented>0</segmented>
    <object>
    <name>cat</name>
    <pose>Unspecified</pose>
    <truncated>0</truncated>
    <difficult>0</difficult>
    <bndbox>
        <xmin>7.340119615112994</xmin>
        <ymin>9.83502990377825</ymin>
        <xmax>204.32995674435028</xmax>
        <ymax>256</ymax>
    </bndbox>
</object>
</annotation>
