<annotation verified="yes">
    <folder>Annotation</folder>
    <filename>cat.269.jpg</filename>
    <path>Cat-PascalVOC-export/Annotations/cat.269.jpg</path>
    <source>
        <database>Unknown</database>
    </source>
    <size>
        <width>256</width>
        <height>256</height>
        <depth>3</depth>
    </size>
    <segmented>0</segmented>
    <object>
    <name>cat</name>
    <pose>Unspecified</pose>
    <truncated>0</truncated>
    <difficult>0</difficult>
    <bndbox>
        <xmin>3.0011365642655368</xmin>
        <ymin>6.653107896362994</ymin>
        <xmax>206.10169491525426</xmax>
        <ymax>247.03277277542372</ymax>
    </bndbox>
</object>
</annotation>
