<annotation verified="yes">
    <folder>Annotation</folder>
    <filename>cat.21.jpg</filename>
    <path>Cat-PascalVOC-export/Annotations/cat.21.jpg</path>
    <source>
        <database>Unknown</database>
    </source>
    <size>
        <width>256</width>
        <height>256</height>
        <depth>3</depth>
    </size>
    <segmented>0</segmented>
    <object>
    <name>cat</name>
    <pose>Unspecified</pose>
    <truncated>0</truncated>
    <difficult>0</difficult>
    <bndbox>
        <xmin>36.55593441031073</xmin>
        <ymin>23.430509578036723</ymin>
        <xmax>239.62036546610167</xmax>
        <ymax>256</ymax>
    </bndbox>
</object>
</annotation>
