<annotation verified="yes">
    <folder>Annotation</folder>
    <filename>cat.789.jpg</filename>
    <path>cat_new-PascalVOC-export/Annotations/cat.789.jpg</path>
    <source>
        <database>Unknown</database>
    </source>
    <size>
        <width>256</width>
        <height>256</height>
        <depth>3</depth>
    </size>
    <segmented>0</segmented>
    <object>
    <name>cat</name>
    <pose>Unspecified</pose>
    <truncated>0</truncated>
    <difficult>0</difficult>
    <bndbox>
        <xmin>60.42035222457627</xmin>
        <ymin>28.492656470692086</ymin>
        <xmax>212.57402012711864</xmax>
        <ymax>235.60679290254237</ymax>
    </bndbox>
</object>
</annotation>
