<annotation verified="yes">
    <folder>Annotation</folder>
    <filename>cat.299.jpg</filename>
    <path>Cat-PascalVOC-export/Annotations/cat.299.jpg</path>
    <source>
        <database>Unknown</database>
    </source>
    <size>
        <width>256</width>
        <height>256</height>
        <depth>3</depth>
    </size>
    <segmented>0</segmented>
    <object>
    <name>cat</name>
    <pose>Unspecified</pose>
    <truncated>0</truncated>
    <difficult>0</difficult>
    <bndbox>
        <xmin>12.836158192090396</xmin>
        <ymin>25.455370542019775</ymin>
        <xmax>217.05762270480227</xmax>
        <ymax>236.908478990113</ymax>
    </bndbox>
</object>
</annotation>
