<annotation verified="yes">
    <folder>Annotation</folder>
    <filename>cat.688.jpg</filename>
    <path>cat_new-PascalVOC-export/Annotations/cat.688.jpg</path>
    <source>
        <database>Unknown</database>
    </source>
    <size>
        <width>256</width>
        <height>256</height>
        <depth>3</depth>
    </size>
    <segmented>0</segmented>
    <object>
    <name>cat</name>
    <pose>Unspecified</pose>
    <truncated>0</truncated>
    <difficult>0</difficult>
    <bndbox>
        <xmin>3.2903976871468927</xmin>
        <ymin>7.810168939795198</ymin>
        <xmax>256</xmax>
        <ymax>255.13221663135593</ymax>
    </bndbox>
</object>
</annotation>
