<annotation verified="yes">
    <folder>Annotation</folder>
    <filename>cat.627.jpg</filename>
    <path>cat_new-PascalVOC-export/Annotations/cat.627.jpg</path>
    <source>
        <database>Unknown</database>
    </source>
    <size>
        <width>256</width>
        <height>256</height>
        <depth>3</depth>
    </size>
    <segmented>0</segmented>
    <object>
    <name>cat</name>
    <pose>Unspecified</pose>
    <truncated>0</truncated>
    <difficult>0</difficult>
    <bndbox>
        <xmin>60.854232874293785</xmin>
        <ymin>10.41356042549435</ymin>
        <xmax>256</xmax>
        <ymax>198.14689265536722</ymax>
    </bndbox>
</object>
</annotation>
