<annotation verified="yes">
    <folder>Annotation</folder>
    <filename>cat.820.jpg</filename>
    <path>cat_new-PascalVOC-export/Annotations/cat.820.jpg</path>
    <source>
        <database>Unknown</database>
    </source>
    <size>
        <width>256</width>
        <height>256</height>
        <depth>3</depth>
    </size>
    <segmented>0</segmented>
    <object>
    <name>cat</name>
    <pose>Unspecified</pose>
    <truncated>0</truncated>
    <difficult>0</difficult>
    <bndbox>
        <xmin>3.0011365642655368</xmin>
        <ymin>4.6282496910310735</ymin>
        <xmax>256</xmax>
        <ymax>256</ymax>
    </bndbox>
</object>
</annotation>
