<annotation verified="yes">
    <folder>Annotation</folder>
    <filename>cat.173.jpg</filename>
    <path>Cat-PascalVOC-export/Annotations/cat.173.jpg</path>
    <source>
        <database>Unknown</database>
    </source>
    <size>
        <width>256</width>
        <height>256</height>
        <depth>3</depth>
    </size>
    <segmented>0</segmented>
    <object>
    <name>cat</name>
    <pose>Unspecified</pose>
    <truncated>0</truncated>
    <difficult>0</difficult>
    <bndbox>
        <xmin>29.035034869350284</xmin>
        <ymin>19.959320930437855</ymin>
        <xmax>229.78531073446328</xmax>
        <ymax>242.69378972457628</ymax>
    </bndbox>
</object>
</annotation>
