<annotation verified="yes">
    <folder>Annotation</folder>
    <filename>cat.244.jpg</filename>
    <path>Cat-PascalVOC-export/Annotations/cat.244.jpg</path>
    <source>
        <database>Unknown</database>
    </source>
    <size>
        <width>256</width>
        <height>256</height>
        <depth>3</depth>
    </size>
    <segmented>0</segmented>
    <object>
    <name>cat</name>
    <pose>Unspecified</pose>
    <truncated>0</truncated>
    <difficult>0</difficult>
    <bndbox>
        <xmin>5.0259864936440675</xmin>
        <ymin>55.53898525776836</ymin>
        <xmax>181.18871380649716</xmax>
        <ymax>256</ymax>
    </bndbox>
</object>
</annotation>
