<annotation verified="yes">
    <folder>Annotation</folder>
    <filename>cat.189.jpg</filename>
    <path>Cat-PascalVOC-export/Annotations/cat.189.jpg</path>
    <source>
        <database>Unknown</database>
    </source>
    <size>
        <width>256</width>
        <height>256</height>
        <depth>3</depth>
    </size>
    <segmented>0</segmented>
    <object>
    <name>cat</name>
    <pose>Unspecified</pose>
    <truncated>0</truncated>
    <difficult>0</difficult>
    <bndbox>
        <xmin>17.753674523305083</xmin>
        <ymin>19.380793167372882</ymin>
        <xmax>237.59547139830508</xmax>
        <ymax>247.90057821327682</ymax>
    </bndbox>
</object>
</annotation>
