<annotation verified="yes">
    <folder>Annotation</folder>
    <filename>cat.180.jpg</filename>
    <path>Cat-PascalVOC-export/Annotations/cat.180.jpg</path>
    <source>
        <database>Unknown</database>
    </source>
    <size>
        <width>256</width>
        <height>256</height>
        <depth>3</depth>
    </size>
    <segmented>0</segmented>
    <object>
    <name>cat</name>
    <pose>Unspecified</pose>
    <truncated>0</truncated>
    <difficult>0</difficult>
    <bndbox>
        <xmin>10.522036105225988</xmin>
        <ymin>22.27344853460452</ymin>
        <xmax>221.39660575564972</xmax>
        <ymax>241.24746204096044</ymax>
    </bndbox>
</object>
</annotation>
