<annotation verified="yes">
    <folder>Annotation</folder>
    <filename>cat.230.jpg</filename>
    <path>Cat-PascalVOC-export/Annotations/cat.230.jpg</path>
    <source>
        <database>Unknown</database>
    </source>
    <size>
        <width>256</width>
        <height>256</height>
        <depth>3</depth>
    </size>
    <segmented>0</segmented>
    <object>
    <name>cat</name>
    <pose>Unspecified</pose>
    <truncated>0</truncated>
    <difficult>0</difficult>
    <bndbox>
        <xmin>56.80453301553672</xmin>
        <ymin>94.58983271539547</ymin>
        <xmax>245.40567620056495</xmax>
        <ymax>256</ymax>
    </bndbox>
</object>
</annotation>
