<annotation verified="yes">
    <folder>Annotation</folder>
    <filename>cat.796.jpg</filename>
    <path>cat_new-PascalVOC-export/Annotations/cat.796.jpg</path>
    <source>
        <database>Unknown</database>
    </source>
    <size>
        <width>256</width>
        <height>256</height>
        <depth>3</depth>
    </size>
    <segmented>0</segmented>
    <object>
    <name>cat</name>
    <pose>Unspecified</pose>
    <truncated>0</truncated>
    <difficult>0</difficult>
    <bndbox>
        <xmin>22.092657574152543</xmin>
        <ymin>20.537854210805083</ymin>
        <xmax>205.77628442796612</xmax>
        <ymax>256</ymax>
    </bndbox>
</object>
</annotation>
