<annotation verified="yes">
    <folder>Annotation</folder>
    <filename>cat.153.jpg</filename>
    <path>Cat-PascalVOC-export/Annotations/cat.153.jpg</path>
    <source>
        <database>Unknown</database>
    </source>
    <size>
        <width>256</width>
        <height>256</height>
        <depth>3</depth>
    </size>
    <segmented>0</segmented>
    <object>
    <name>cat</name>
    <pose>Unspecified</pose>
    <truncated>0</truncated>
    <difficult>0</difficult>
    <bndbox>
        <xmin>21.224863170903955</xmin>
        <ymin>22.27344853460452</ymin>
        <xmax>253.79435911016947</xmax>
        <ymax>242.11526747881356</ymax>
    </bndbox>
</object>
</annotation>
