<annotation verified="yes">
    <folder>Annotation</folder>
    <filename>cat.44.jpg</filename>
    <path>Cat-PascalVOC-export/Annotations/cat.44.jpg</path>
    <source>
        <database>Unknown</database>
    </source>
    <size>
        <width>256</width>
        <height>256</height>
        <depth>3</depth>
    </size>
    <segmented>0</segmented>
    <object>
    <name>cat</name>
    <pose>Unspecified</pose>
    <truncated>0</truncated>
    <difficult>0</difficult>
    <bndbox>
        <xmin>83.12769244350282</xmin>
        <ymin>57.2745795815678</ymin>
        <xmax>205.19774011299435</xmax>
        <ymax>206.82485875706215</ymax>
    </bndbox>
</object>
</annotation>
