<annotation verified="yes">
    <folder>Annotation</folder>
    <filename>cat.118.jpg</filename>
    <path>Cat-PascalVOC-export/Annotations/cat.118.jpg</path>
    <source>
        <database>Unknown</database>
    </source>
    <size>
        <width>256</width>
        <height>256</height>
        <depth>3</depth>
    </size>
    <segmented>0</segmented>
    <object>
    <name>cat</name>
    <pose>Unspecified</pose>
    <truncated>0</truncated>
    <difficult>0</difficult>
    <bndbox>
        <xmin>70.97852665960453</xmin>
        <ymin>46.57175251588983</ymin>
        <xmax>255.5299699858757</xmax>
        <ymax>253.10734463276833</ymax>
    </bndbox>
</object>
</annotation>
