<annotation verified="yes">
    <folder>Annotation</folder>
    <filename>cat.815.jpg</filename>
    <path>cat_new-PascalVOC-export/Annotations/cat.815.jpg</path>
    <source>
        <database>Unknown</database>
    </source>
    <size>
        <width>256</width>
        <height>256</height>
        <depth>3</depth>
    </size>
    <segmented>0</segmented>
    <object>
    <name>cat</name>
    <pose>Unspecified</pose>
    <truncated>0</truncated>
    <difficult>0</difficult>
    <bndbox>
        <xmin>51.019222281073446</xmin>
        <ymin>11.85988810911017</ymin>
        <xmax>210.11526747881356</xmax>
        <ymax>243.56159516242937</ymax>
    </bndbox>
</object>
</annotation>
