<annotation verified="yes">
    <folder>Annotation</folder>
    <filename>cat.828.jpg</filename>
    <path>cat_new-PascalVOC-export/Annotations/cat.828.jpg</path>
    <source>
        <database>Unknown</database>
    </source>
    <size>
        <width>256</width>
        <height>256</height>
        <depth>3</depth>
    </size>
    <segmented>0</segmented>
    <object>
    <name>cat</name>
    <pose>Unspecified</pose>
    <truncated>0</truncated>
    <difficult>0</difficult>
    <bndbox>
        <xmin>26.142379502118644</xmin>
        <ymin>0</ymin>
        <xmax>248.045197740113</xmax>
        <ymax>245.15254237288136</ymax>
    </bndbox>
</object>
</annotation>
