<annotation verified="yes">
    <folder>Annotation</folder>
    <filename>cat.739.jpg</filename>
    <path>cat_new-PascalVOC-export/Annotations/cat.739.jpg</path>
    <source>
        <database>Unknown</database>
    </source>
    <size>
        <width>256</width>
        <height>256</height>
        <depth>3</depth>
    </size>
    <segmented>0</segmented>
    <object>
    <name>cat</name>
    <pose>Unspecified</pose>
    <truncated>0</truncated>
    <difficult>0</difficult>
    <bndbox>
        <xmin>36.26667328742938</xmin>
        <ymin>17.645198843573446</ymin>
        <xmax>226.02484992937852</xmax>
        <ymax>256</ymax>
    </bndbox>
</object>
</annotation>
