<annotation verified="yes">
    <folder>Annotation</folder>
    <filename>cat.794.jpg</filename>
    <path>cat_new-PascalVOC-export/Annotations/cat.794.jpg</path>
    <source>
        <database>Unknown</database>
    </source>
    <size>
        <width>256</width>
        <height>256</height>
        <depth>3</depth>
    </size>
    <segmented>0</segmented>
    <object>
    <name>cat</name>
    <pose>Unspecified</pose>
    <truncated>0</truncated>
    <difficult>0</difficult>
    <bndbox>
        <xmin>21.803396451271187</xmin>
        <ymin>70.00226209392655</ymin>
        <xmax>236.72771009887006</xmax>
        <ymax>256</ymax>
    </bndbox>
</object>
</annotation>
