<annotation verified="yes">
    <folder>Annotation</folder>
    <filename>cat.752.jpg</filename>
    <path>cat_new-PascalVOC-export/Annotations/cat.752.jpg</path>
    <source>
        <database>Unknown</database>
    </source>
    <size>
        <width>256</width>
        <height>256</height>
        <depth>3</depth>
    </size>
    <segmented>0</segmented>
    <object>
    <name>cat</name>
    <pose>Unspecified</pose>
    <truncated>0</truncated>
    <difficult>0</difficult>
    <bndbox>
        <xmin>94.69831391242938</xmin>
        <ymin>57.563840704449156</ymin>
        <xmax>170.77513682909606</xmax>
        <ymax>189.4689265536723</ymax>
    </bndbox>
</object>
</annotation>
