<annotation verified="yes">
    <folder>Annotation</folder>
    <filename>cat.210.jpg</filename>
    <path>Cat-PascalVOC-export/Annotations/cat.210.jpg</path>
    <source>
        <database>Unknown</database>
    </source>
    <size>
        <width>256</width>
        <height>256</height>
        <depth>3</depth>
    </size>
    <segmented>0</segmented>
    <object>
    <name>cat</name>
    <pose>Unspecified</pose>
    <truncated>0</truncated>
    <difficult>0</difficult>
    <bndbox>
        <xmin>29.613557115112993</xmin>
        <ymin>5.496046852930791</ymin>
        <xmax>250.32318149717514</xmax>
        <ymax>256</ymax>
    </bndbox>
</object>
</annotation>
