<annotation verified="yes">
    <folder>Annotation</folder>
    <filename>cat.197.jpg</filename>
    <path>Cat-PascalVOC-export/Annotations/cat.197.jpg</path>
    <source>
        <database>Unknown</database>
    </source>
    <size>
        <width>256</width>
        <height>256</height>
        <depth>3</depth>
    </size>
    <segmented>0</segmented>
    <object>
    <name>cat</name>
    <pose>Unspecified</pose>
    <truncated>0</truncated>
    <difficult>0</difficult>
    <bndbox>
        <xmin>32.72316384180791</xmin>
        <ymin>8.677966101694915</ymin>
        <xmax>246.96045197740114</xmax>
        <ymax>256</ymax>
    </bndbox>
</object>
</annotation>
