<annotation verified="yes">
    <folder>Annotation</folder>
    <filename>cat.798.jpg</filename>
    <path>cat_new-PascalVOC-export/Annotations/cat.798.jpg</path>
    <source>
        <database>Unknown</database>
    </source>
    <size>
        <width>256</width>
        <height>256</height>
        <depth>3</depth>
    </size>
    <segmented>0</segmented>
    <object>
    <name>cat</name>
    <pose>Unspecified</pose>
    <truncated>0</truncated>
    <difficult>0</difficult>
    <bndbox>
        <xmin>40.31638418079096</xmin>
        <ymin>18.223732123940678</ymin>
        <xmax>192.47005208333331</xmax>
        <ymax>256</ymax>
    </bndbox>
</object>
</annotation>
