<annotation verified="yes">
    <folder>Annotation</folder>
    <filename>cat.58.jpg</filename>
    <path>Cat-PascalVOC-export/Annotations/cat.58.jpg</path>
    <source>
        <database>Unknown</database>
    </source>
    <size>
        <width>256</width>
        <height>256</height>
        <depth>3</depth>
    </size>
    <segmented>0</segmented>
    <object>
    <name>cat</name>
    <pose>Unspecified</pose>
    <truncated>0</truncated>
    <difficult>0</difficult>
    <bndbox>
        <xmin>73.0033986581921</xmin>
        <ymin>33.26553672316384</ymin>
        <xmax>188.13106903248587</xmax>
        <ymax>213.7672360522599</ymax>
    </bndbox>
</object>
</annotation>
