<annotation verified="yes">
    <folder>Annotation</folder>
    <filename>cat.185.jpg</filename>
    <path>Cat-PascalVOC-export/Annotations/cat.185.jpg</path>
    <source>
        <database>Unknown</database>
    </source>
    <size>
        <width>256</width>
        <height>256</height>
        <depth>3</depth>
    </size>
    <segmented>0</segmented>
    <object>
    <name>cat</name>
    <pose>Unspecified</pose>
    <truncated>0</truncated>
    <difficult>0</difficult>
    <bndbox>
        <xmin>11.389830508474576</xmin>
        <ymin>13.88474907309322</ymin>
        <xmax>244.53787076271186</xmax>
        <ymax>223.60226871468927</ymax>
    </bndbox>
</object>
</annotation>
