<annotation verified="yes">
    <folder>Annotation</folder>
    <filename>cat.687.jpg</filename>
    <path>cat_new-PascalVOC-export/Annotations/cat.687.jpg</path>
    <source>
        <database>Unknown</database>
    </source>
    <size>
        <width>256</width>
        <height>256</height>
        <depth>3</depth>
    </size>
    <segmented>0</segmented>
    <object>
    <name>cat</name>
    <pose>Unspecified</pose>
    <truncated>0</truncated>
    <difficult>0</difficult>
    <bndbox>
        <xmin>46.101694915254235</xmin>
        <ymin>55.82825189795198</ymin>
        <xmax>152.8406823799435</xmax>
        <ymax>228.51977401129943</ymax>
    </bndbox>
</object>
</annotation>
