<annotation verified="yes">
    <folder>Annotation</folder>
    <filename>cat.150.jpg</filename>
    <path>Cat-PascalVOC-export/Annotations/cat.150.jpg</path>
    <source>
        <database>Unknown</database>
    </source>
    <size>
        <width>256</width>
        <height>256</height>
        <depth>3</depth>
    </size>
    <segmented>0</segmented>
    <object>
    <name>cat</name>
    <pose>Unspecified</pose>
    <truncated>0</truncated>
    <difficult>0</difficult>
    <bndbox>
        <xmin>105.97967425847457</xmin>
        <ymin>97.19322695974576</ymin>
        <xmax>255.819209039548</xmax>
        <ymax>255.71073887711862</ymax>
    </bndbox>
</object>
</annotation>
