<annotation verified="yes">
    <folder>Annotation</folder>
    <filename>cat.227.jpg</filename>
    <path>Cat-PascalVOC-export/Annotations/cat.227.jpg</path>
    <source>
        <database>Unknown</database>
    </source>
    <size>
        <width>256</width>
        <height>256</height>
        <depth>3</depth>
    </size>
    <segmented>0</segmented>
    <object>
    <name>cat</name>
    <pose>Unspecified</pose>
    <truncated>0</truncated>
    <difficult>0</difficult>
    <bndbox>
        <xmin>34.53107344632768</xmin>
        <ymin>17.066665563206215</ymin>
        <xmax>231.81016066384183</xmax>
        <ymax>255.4214777542373</ymax>
    </bndbox>
</object>
</annotation>
