<annotation verified="yes">
    <folder>Annotation</folder>
    <filename>cat.293.jpg</filename>
    <path>Cat-PascalVOC-export/Annotations/cat.293.jpg</path>
    <source>
        <database>Unknown</database>
    </source>
    <size>
        <width>256</width>
        <height>256</height>
        <depth>3</depth>
    </size>
    <segmented>0</segmented>
    <object>
    <name>cat</name>
    <pose>Unspecified</pose>
    <truncated>0</truncated>
    <difficult>0</difficult>
    <bndbox>
        <xmin>3.5796588100282487</xmin>
        <ymin>4.6282496910310735</ymin>
        <xmax>249.74465925141243</xmax>
        <ymax>252.2395612641243</ymax>
    </bndbox>
</object>
</annotation>
