<annotation verified="yes">
    <folder>Annotation</folder>
    <filename>cat.690.jpg</filename>
    <path>cat_new-PascalVOC-export/Annotations/cat.690.jpg</path>
    <source>
        <database>Unknown</database>
    </source>
    <size>
        <width>256</width>
        <height>256</height>
        <depth>3</depth>
    </size>
    <segmented>0</segmented>
    <object>
    <name>cat</name>
    <pose>Unspecified</pose>
    <truncated>0</truncated>
    <difficult>0</difficult>
    <bndbox>
        <xmin>31.638418079096045</xmin>
        <ymin>30.66214799611582</ymin>
        <xmax>238.4632768361582</xmax>
        <ymax>232.56949593926555</ymax>
    </bndbox>
</object>
</annotation>
