<annotation verified="yes">
    <folder>Annotation</folder>
    <filename>cat.20.jpg</filename>
    <path>Cat-PascalVOC-export/Annotations/cat.20.jpg</path>
    <source>
        <database>Unknown</database>
    </source>
    <size>
        <width>256</width>
        <height>256</height>
        <depth>3</depth>
    </size>
    <segmented>0</segmented>
    <object>
    <name>cat</name>
    <pose>Unspecified</pose>
    <truncated>0</truncated>
    <difficult>0</difficult>
    <bndbox>
        <xmin>0.6870034427966102</xmin>
        <ymin>54.96045197740113</ymin>
        <xmax>199.99097369350284</xmax>
        <ymax>200.1717646539548</ymax>
    </bndbox>
</object>
</annotation>
