<annotation verified="yes">
    <folder>Annotation</folder>
    <filename>cat.801.jpg</filename>
    <path>cat_new-PascalVOC-export/Annotations/cat.801.jpg</path>
    <source>
        <database>Unknown</database>
    </source>
    <size>
        <width>256</width>
        <height>256</height>
        <depth>3</depth>
    </size>
    <segmented>0</segmented>
    <object>
    <name>cat</name>
    <pose>Unspecified</pose>
    <truncated>0</truncated>
    <difficult>0</difficult>
    <bndbox>
        <xmin>17.175141242937855</xmin>
        <ymin>32.10847567973164</ymin>
        <xmax>214.16496733757063</xmax>
        <ymax>246.74351165254237</ymax>
    </bndbox>
</object>
</annotation>
