<annotation verified="yes">
    <folder>Annotation</folder>
    <filename>cat.190.jpg</filename>
    <path>Cat-PascalVOC-export/Annotations/cat.190.jpg</path>
    <source>
        <database>Unknown</database>
    </source>
    <size>
        <width>256</width>
        <height>256</height>
        <depth>3</depth>
    </size>
    <segmented>0</segmented>
    <object>
    <name>cat</name>
    <pose>Unspecified</pose>
    <truncated>0</truncated>
    <difficult>0</difficult>
    <bndbox>
        <xmin>83.99547581214689</xmin>
        <ymin>11.498306188206215</ymin>
        <xmax>221.1073446327684</xmax>
        <ymax>221.50509798728814</ymax>
    </bndbox>
</object>
</annotation>
