<annotation verified="yes">
    <folder>Annotation</folder>
    <filename>cat.113.jpg</filename>
    <path>Cat-PascalVOC-export/Annotations/cat.113.jpg</path>
    <source>
        <database>Unknown</database>
    </source>
    <size>
        <width>256</width>
        <height>256</height>
        <depth>3</depth>
    </size>
    <segmented>0</segmented>
    <object>
    <name>cat</name>
    <pose>Unspecified</pose>
    <truncated>0</truncated>
    <difficult>0</difficult>
    <bndbox>
        <xmin>19.778535487288135</xmin>
        <ymin>63.05988479872882</ymin>
        <xmax>234.70281603107344</xmax>
        <ymax>256</ymax>
    </bndbox>
</object>
</annotation>
