<annotation verified="yes">
    <folder>Annotation</folder>
    <filename>cat.35.jpg</filename>
    <path>Cat-PascalVOC-export/Annotations/cat.35.jpg</path>
    <source>
        <database>Unknown</database>
    </source>
    <size>
        <width>256</width>
        <height>256</height>
        <depth>3</depth>
    </size>
    <segmented>0</segmented>
    <object>
    <name>cat</name>
    <pose>Unspecified</pose>
    <truncated>0</truncated>
    <difficult>0</difficult>
    <bndbox>
        <xmin>13.414691472457626</xmin>
        <ymin>17.934465483757062</ymin>
        <xmax>249.45537605932205</xmax>
        <ymax>242.11526747881356</ymax>
    </bndbox>
</object>
</annotation>
