<annotation verified="yes">
    <folder>Annotation</folder>
    <filename>cat.284.jpg</filename>
    <path>Cat-PascalVOC-export/Annotations/cat.284.jpg</path>
    <source>
        <database>Unknown</database>
    </source>
    <size>
        <width>256</width>
        <height>256</height>
        <depth>3</depth>
    </size>
    <segmented>0</segmented>
    <object>
    <name>cat</name>
    <pose>Unspecified</pose>
    <truncated>0</truncated>
    <difficult>0</difficult>
    <bndbox>
        <xmin>9.943502824858758</xmin>
        <ymin>27.76949262888418</ymin>
        <xmax>256</xmax>
        <ymax>199.59322033898303</ymax>
    </bndbox>
</object>
</annotation>
