<annotation verified="yes">
    <folder>Annotation</folder>
    <filename>cat.182.jpg</filename>
    <path>Cat-PascalVOC-export/Annotations/cat.182.jpg</path>
    <source>
        <database>Unknown</database>
    </source>
    <size>
        <width>256</width>
        <height>256</height>
        <depth>3</depth>
    </size>
    <segmented>0</segmented>
    <object>
    <name>cat</name>
    <pose>Unspecified</pose>
    <truncated>0</truncated>
    <difficult>0</difficult>
    <bndbox>
        <xmin>13.993224752824858</xmin>
        <ymin>59.01016838806497</ymin>
        <xmax>256</xmax>
        <ymax>256</ymax>
    </bndbox>
</object>
</annotation>
