<annotation verified="yes">
    <folder>Annotation</folder>
    <filename>cat.72.jpg</filename>
    <path>Cat-PascalVOC-export/Annotations/cat.72.jpg</path>
    <source>
        <database>Unknown</database>
    </source>
    <size>
        <width>256</width>
        <height>256</height>
        <depth>3</depth>
    </size>
    <segmented>0</segmented>
    <object>
    <name>cat</name>
    <pose>Unspecified</pose>
    <truncated>0</truncated>
    <difficult>0</difficult>
    <bndbox>
        <xmin>21.224863170903955</xmin>
        <ymin>16.488137800141242</ymin>
        <xmax>240.7774099576271</xmax>
        <ymax>219.2632856638418</ymax>
    </bndbox>
</object>
</annotation>
