<annotation verified="yes">
    <folder>Annotation</folder>
    <filename>cat.6.jpg</filename>
    <path>Cat-PascalVOC-export/Annotations/cat.6.jpg</path>
    <source>
        <database>Unknown</database>
    </source>
    <size>
        <width>256</width>
        <height>256</height>
        <depth>3</depth>
    </size>
    <segmented>0</segmented>
    <object>
    <name>cat</name>
    <pose>Unspecified</pose>
    <truncated>0</truncated>
    <difficult>0</difficult>
    <bndbox>
        <xmin>30.192090395480225</xmin>
        <ymin>103.84633209745763</ymin>
        <xmax>125.07119526836158</xmax>
        <ymax>194.67571504237287</ymax>
    </bndbox>
</object>
</annotation>
