<annotation verified="yes">
    <folder>Annotation</folder>
    <filename>cat.817.jpg</filename>
    <path>cat_new-PascalVOC-export/Annotations/cat.817.jpg</path>
    <source>
        <database>Unknown</database>
    </source>
    <size>
        <width>256</width>
        <height>256</height>
        <depth>3</depth>
    </size>
    <segmented>0</segmented>
    <object>
    <name>cat</name>
    <pose>Unspecified</pose>
    <truncated>0</truncated>
    <difficult>0</difficult>
    <bndbox>
        <xmin>38.002262093926554</xmin>
        <ymin>4.91751357256356</ymin>
        <xmax>244.8271098163842</xmax>
        <ymax>256</ymax>
    </bndbox>
</object>
</annotation>
