<annotation verified="yes">
    <folder>Annotation</folder>
    <filename>cat.778.jpg</filename>
    <path>cat_new-PascalVOC-export/Annotations/cat.778.jpg</path>
    <source>
        <database>Unknown</database>
    </source>
    <size>
        <width>256</width>
        <height>256</height>
        <depth>3</depth>
    </size>
    <segmented>0</segmented>
    <object>
    <name>cat</name>
    <pose>Unspecified</pose>
    <truncated>0</truncated>
    <difficult>0</difficult>
    <bndbox>
        <xmin>2.711864406779661</xmin>
        <ymin>1.7355943237994351</ymin>
        <xmax>242.80225988700565</xmax>
        <ymax>223.89152983757063</ymax>
    </bndbox>
</object>
</annotation>
