<annotation verified="yes">
    <folder>Annotation</folder>
    <filename>cat.160.jpg</filename>
    <path>Cat-PascalVOC-export/Annotations/cat.160.jpg</path>
    <source>
        <database>Unknown</database>
    </source>
    <size>
        <width>256</width>
        <height>256</height>
        <depth>3</depth>
    </size>
    <segmented>0</segmented>
    <object>
    <name>cat</name>
    <pose>Unspecified</pose>
    <truncated>0</truncated>
    <difficult>0</difficult>
    <bndbox>
        <xmin>23.828246380649716</xmin>
        <ymin>21.40564861405367</ymin>
        <xmax>238.75256002824858</xmax>
        <ymax>256</ymax>
    </bndbox>
</object>
</annotation>
