<annotation verified="yes">
    <folder>Annotation</folder>
    <filename>cat.287.jpg</filename>
    <path>Cat-PascalVOC-export/Annotations/cat.287.jpg</path>
    <source>
        <database>Unknown</database>
    </source>
    <size>
        <width>256</width>
        <height>256</height>
        <depth>3</depth>
    </size>
    <segmented>0</segmented>
    <object>
    <name>cat</name>
    <pose>Unspecified</pose>
    <truncated>0</truncated>
    <difficult>0</difficult>
    <bndbox>
        <xmin>12.257624911723164</xmin>
        <ymin>8.967232741878531</ymin>
        <xmax>255.819209039548</xmax>
        <ymax>241.82598428672316</ymax>
    </bndbox>
</object>
</annotation>
