<annotation verified="yes">
    <folder>Annotation</folder>
    <filename>cat.151.jpg</filename>
    <path>Cat-PascalVOC-export/Annotations/cat.151.jpg</path>
    <source>
        <database>Unknown</database>
    </source>
    <size>
        <width>256</width>
        <height>256</height>
        <depth>3</depth>
    </size>
    <segmented>0</segmented>
    <object>
    <name>cat</name>
    <pose>Unspecified</pose>
    <truncated>0</truncated>
    <difficult>0</difficult>
    <bndbox>
        <xmin>58.82938294491525</xmin>
        <ymin>3.0372886873234464</ymin>
        <xmax>189.8666799081921</xmax>
        <ymax>218.75706214689265</ymax>
    </bndbox>
</object>
</annotation>
