<annotation verified="yes">
    <folder>Annotation</folder>
    <filename>cat.83.jpg</filename>
    <path>Cat-PascalVOC-export/Annotations/cat.83.jpg</path>
    <source>
        <database>Unknown</database>
    </source>
    <size>
        <width>256</width>
        <height>256</height>
        <depth>3</depth>
    </size>
    <segmented>0</segmented>
    <object>
    <name>cat</name>
    <pose>Unspecified</pose>
    <truncated>0</truncated>
    <difficult>0</difficult>
    <bndbox>
        <xmin>35.10960672669491</xmin>
        <ymin>50.332202286370055</ymin>
        <xmax>248.00904837570621</xmax>
        <ymax>254.26441119350284</ymax>
    </bndbox>
</object>
</annotation>
