<annotation verified="yes">
    <folder>Annotation</folder>
    <filename>cat.139.jpg</filename>
    <path>Cat-PascalVOC-export/Annotations/cat.139.jpg</path>
    <source>
        <database>Unknown</database>
    </source>
    <size>
        <width>256</width>
        <height>256</height>
        <depth>3</depth>
    </size>
    <segmented>0</segmented>
    <object>
    <name>cat</name>
    <pose>Unspecified</pose>
    <truncated>0</truncated>
    <difficult>0</difficult>
    <bndbox>
        <xmin>6.761586334745763</xmin>
        <ymin>5.785310734463277</ymin>
        <xmax>255.24068679378533</xmax>
        <ymax>250.21468926553672</ymax>
    </bndbox>
</object>
</annotation>
