<annotation verified="yes">
    <folder>Annotation</folder>
    <filename>cat.777.jpg</filename>
    <path>cat_new-PascalVOC-export/Annotations/cat.777.jpg</path>
    <source>
        <database>Unknown</database>
    </source>
    <size>
        <width>256</width>
        <height>256</height>
        <depth>3</depth>
    </size>
    <segmented>0</segmented>
    <object>
    <name>cat</name>
    <pose>Unspecified</pose>
    <truncated>0</truncated>
    <difficult>0</difficult>
    <bndbox>
        <xmin>94.11976959745763</xmin>
        <ymin>69.7130009710452</ymin>
        <xmax>227.18193855932205</xmax>
        <ymax>237.19774011299435</ymax>
    </bndbox>
</object>
</annotation>
