<annotation verified="yes">
    <folder>Annotation</folder>
    <filename>cat.756.jpg</filename>
    <path>cat_new-PascalVOC-export/Annotations/cat.756.jpg</path>
    <source>
        <database>Unknown</database>
    </source>
    <size>
        <width>256</width>
        <height>256</height>
        <depth>3</depth>
    </size>
    <segmented>0</segmented>
    <object>
    <name>cat</name>
    <pose>Unspecified</pose>
    <truncated>0</truncated>
    <difficult>0</difficult>
    <bndbox>
        <xmin>11.10056938559322</xmin>
        <ymin>14.463276836158192</ymin>
        <xmax>242.51302083333334</xmax>
        <ymax>243.272311970339</ymax>
    </bndbox>
</object>
</annotation>
