<annotation verified="yes">
    <folder>Annotation</folder>
    <filename>cat.827.jpg</filename>
    <path>cat_new-PascalVOC-export/Annotations/cat.827.jpg</path>
    <source>
        <database>Unknown</database>
    </source>
    <size>
        <width>256</width>
        <height>256</height>
        <depth>3</depth>
    </size>
    <segmented>0</segmented>
    <object>
    <name>cat</name>
    <pose>Unspecified</pose>
    <truncated>0</truncated>
    <difficult>0</difficult>
    <bndbox>
        <xmin>1.8440700035310735</xmin>
        <ymin>10.992090947210452</ymin>
        <xmax>241.5367231638418</xmax>
        <ymax>254.55367231638417</ymax>
    </bndbox>
</object>
</annotation>
