<annotation verified="yes">
    <folder>Annotation</folder>
    <filename>cat.834.jpg</filename>
    <path>cat_new-PascalVOC-export/Annotations/cat.834.jpg</path>
    <source>
        <database>Unknown</database>
    </source>
    <size>
        <width>256</width>
        <height>256</height>
        <depth>3</depth>
    </size>
    <segmented>0</segmented>
    <object>
    <name>cat</name>
    <pose>Unspecified</pose>
    <truncated>0</truncated>
    <difficult>0</difficult>
    <bndbox>
        <xmin>54.4903998940678</xmin>
        <ymin>23.141242937853107</ymin>
        <xmax>230.363832980226</xmax>
        <ymax>228.51977401129943</ymax>
    </bndbox>
</object>
</annotation>
