<annotation verified="yes">
    <folder>Annotation</folder>
    <filename>cat.71.jpg</filename>
    <path>Cat-PascalVOC-export/Annotations/cat.71.jpg</path>
    <source>
        <database>Unknown</database>
    </source>
    <size>
        <width>256</width>
        <height>256</height>
        <depth>3</depth>
    </size>
    <segmented>0</segmented>
    <object>
    <name>cat</name>
    <pose>Unspecified</pose>
    <truncated>0</truncated>
    <difficult>0</difficult>
    <bndbox>
        <xmin>2.422603283898305</xmin>
        <ymin>15.041810116525424</ymin>
        <xmax>252.34803142655366</xmax>
        <ymax>256</ymax>
    </bndbox>
</object>
</annotation>
