<annotation verified="yes">
    <folder>Annotation</folder>
    <filename>cat.226.jpg</filename>
    <path>Cat-PascalVOC-export/Annotations/cat.226.jpg</path>
    <source>
        <database>Unknown</database>
    </source>
    <size>
        <width>256</width>
        <height>256</height>
        <depth>3</depth>
    </size>
    <segmented>0</segmented>
    <object>
    <name>cat</name>
    <pose>Unspecified</pose>
    <truncated>0</truncated>
    <difficult>0</difficult>
    <bndbox>
        <xmin>1.8440700035310735</xmin>
        <ymin>0</ymin>
        <xmax>236.43842690677965</xmax>
        <ymax>253.97515007062148</ymax>
    </bndbox>
</object>
</annotation>
