<annotation verified="yes">
    <folder>Annotation</folder>
    <filename>cat.714.jpg</filename>
    <path>cat_new-PascalVOC-export/Annotations/cat.714.jpg</path>
    <source>
        <database>Unknown</database>
    </source>
    <size>
        <width>256</width>
        <height>256</height>
        <depth>3</depth>
    </size>
    <segmented>0</segmented>
    <object>
    <name>cat</name>
    <pose>Unspecified</pose>
    <truncated>0</truncated>
    <difficult>0</difficult>
    <bndbox>
        <xmin>34.241812323446325</xmin>
        <ymin>18.80225988700565</ymin>
        <xmax>197.38757944915255</xmax>
        <ymax>166.03842249293785</ymax>
    </bndbox>
</object>
</annotation>
