<annotation verified="yes">
    <folder>Annotation</folder>
    <filename>cat.761.jpg</filename>
    <path>cat_new-PascalVOC-export/Annotations/cat.761.jpg</path>
    <source>
        <database>Unknown</database>
    </source>
    <size>
        <width>256</width>
        <height>256</height>
        <depth>3</depth>
    </size>
    <segmented>0</segmented>
    <object>
    <name>cat</name>
    <pose>Unspecified</pose>
    <truncated>0</truncated>
    <difficult>0</difficult>
    <bndbox>
        <xmin>17.175141242937855</xmin>
        <ymin>4.338983050847458</ymin>
        <xmax>231.2316384180791</xmax>
        <ymax>249.92542814265536</ymax>
    </bndbox>
</object>
</annotation>
