<annotation verified="yes">
    <folder>Annotation</folder>
    <filename>cat.628.jpg</filename>
    <path>cat_new-PascalVOC-export/Annotations/cat.628.jpg</path>
    <source>
        <database>Unknown</database>
    </source>
    <size>
        <width>256</width>
        <height>256</height>
        <depth>3</depth>
    </size>
    <segmented>0</segmented>
    <object>
    <name>cat</name>
    <pose>Unspecified</pose>
    <truncated>0</truncated>
    <difficult>0</difficult>
    <bndbox>
        <xmin>13.84859419138418</xmin>
        <ymin>20.39322364936441</ymin>
        <xmax>205.3785310734463</xmax>
        <ymax>252.38418079096047</ymax>
    </bndbox>
</object>
</annotation>
