<annotation verified="yes">
    <folder>Annotation</folder>
    <filename>cat.717.jpg</filename>
    <path>cat_new-PascalVOC-export/Annotations/cat.717.jpg</path>
    <source>
        <database>Unknown</database>
    </source>
    <size>
        <width>256</width>
        <height>256</height>
        <depth>3</depth>
    </size>
    <segmented>0</segmented>
    <object>
    <name>cat</name>
    <pose>Unspecified</pose>
    <truncated>0</truncated>
    <difficult>0</difficult>
    <bndbox>
        <xmin>55.35820533192091</xmin>
        <ymin>74.05198402189265</ymin>
        <xmax>182.635041490113</xmax>
        <ymax>249.05762270480224</ymax>
    </bndbox>
</object>
</annotation>
