<annotation verified="yes">
    <folder>Annotation</folder>
    <filename>cat.780.jpg</filename>
    <path>cat_new-PascalVOC-export/Annotations/cat.780.jpg</path>
    <source>
        <database>Unknown</database>
    </source>
    <size>
        <width>256</width>
        <height>256</height>
        <depth>3</depth>
    </size>
    <segmented>0</segmented>
    <object>
    <name>cat</name>
    <pose>Unspecified</pose>
    <truncated>0</truncated>
    <difficult>0</difficult>
    <bndbox>
        <xmin>16.01808571680791</xmin>
        <ymin>0.8677971618997176</ymin>
        <xmax>234.70281603107344</xmax>
        <ymax>254.55367231638417</ymax>
    </bndbox>
</object>
</annotation>
