<annotation verified="yes">
    <folder>Annotation</folder>
    <filename>cat.114.jpg</filename>
    <path>Cat-PascalVOC-export/Annotations/cat.114.jpg</path>
    <source>
        <database>Unknown</database>
    </source>
    <size>
        <width>256</width>
        <height>256</height>
        <depth>3</depth>
    </size>
    <segmented>0</segmented>
    <object>
    <name>cat</name>
    <pose>Unspecified</pose>
    <truncated>0</truncated>
    <difficult>0</difficult>
    <bndbox>
        <xmin>1.5548088806497176</xmin>
        <ymin>83.30847236935028</ymin>
        <xmax>232.9672492937853</xmax>
        <ymax>188.0225988700565</ymax>
    </bndbox>
</object>
</annotation>
