<annotation verified="yes">
    <folder>Annotation</folder>
    <filename>cat.222.jpg</filename>
    <path>Cat-PascalVOC-export/Annotations/cat.222.jpg</path>
    <source>
        <database>Unknown</database>
    </source>
    <size>
        <width>256</width>
        <height>256</height>
        <depth>3</depth>
    </size>
    <segmented>0</segmented>
    <object>
    <name>cat</name>
    <pose>Unspecified</pose>
    <truncated>0</truncated>
    <difficult>0</difficult>
    <bndbox>
        <xmin>102.79773569915254</xmin>
        <ymin>57.563840704449156</ymin>
        <xmax>256</xmax>
        <ymax>157.6497175141243</ymax>
    </bndbox>
</object>
</annotation>
