<annotation verified="yes">
    <folder>Annotation</folder>
    <filename>cat.233.jpg</filename>
    <path>Cat-PascalVOC-export/Annotations/cat.233.jpg</path>
    <source>
        <database>Unknown</database>
    </source>
    <size>
        <width>256</width>
        <height>256</height>
        <depth>3</depth>
    </size>
    <segmented>0</segmented>
    <object>
    <name>cat</name>
    <pose>Unspecified</pose>
    <truncated>0</truncated>
    <difficult>0</difficult>
    <bndbox>
        <xmin>84.57402012711864</xmin>
        <ymin>42.232769465042374</ymin>
        <xmax>188.998874470339</xmax>
        <ymax>213.18871380649716</ymax>
    </bndbox>
</object>
</annotation>
