<annotation verified="yes">
    <folder>Annotation</folder>
    <filename>cat.267.jpg</filename>
    <path>Cat-PascalVOC-export/Annotations/cat.267.jpg</path>
    <source>
        <database>Unknown</database>
    </source>
    <size>
        <width>256</width>
        <height>256</height>
        <depth>3</depth>
    </size>
    <segmented>0</segmented>
    <object>
    <name>cat</name>
    <pose>Unspecified</pose>
    <truncated>0</truncated>
    <difficult>0</difficult>
    <bndbox>
        <xmin>25.274574064265536</xmin>
        <ymin>0.2892666401836158</ymin>
        <xmax>256</xmax>
        <ymax>250.79323358050848</ymax>
    </bndbox>
</object>
</annotation>
