<annotation verified="yes">
    <folder>Annotation</folder>
    <filename>cat.214.jpg</filename>
    <path>Cat-PascalVOC-export/Annotations/cat.214.jpg</path>
    <source>
        <database>Unknown</database>
    </source>
    <size>
        <width>256</width>
        <height>256</height>
        <depth>3</depth>
    </size>
    <segmented>0</segmented>
    <object>
    <name>cat</name>
    <pose>Unspecified</pose>
    <truncated>0</truncated>
    <difficult>0</difficult>
    <bndbox>
        <xmin>20.646329890536723</xmin>
        <ymin>30.66214799611582</ymin>
        <xmax>227.47117761299435</xmax>
        <ymax>256</ymax>
    </bndbox>
</object>
</annotation>
