<annotation verified="yes">
    <folder>Annotation</folder>
    <filename>cat.665.jpg</filename>
    <path>cat_new-PascalVOC-export/Annotations/cat.665.jpg</path>
    <source>
        <database>Unknown</database>
    </source>
    <size>
        <width>256</width>
        <height>256</height>
        <depth>3</depth>
    </size>
    <segmented>0</segmented>
    <object>
    <name>cat</name>
    <pose>Unspecified</pose>
    <truncated>0</truncated>
    <difficult>0</difficult>
    <bndbox>
        <xmin>11.389830508474576</xmin>
        <ymin>10.702824307026836</ymin>
        <xmax>256</xmax>
        <ymax>250.50395038841808</ymax>
    </bndbox>
</object>
</annotation>
