<annotation verified="yes">
    <folder>Annotation</folder>
    <filename>cat.633.jpg</filename>
    <path>cat_new-PascalVOC-export/Annotations/cat.633.jpg</path>
    <source>
        <database>Unknown</database>
    </source>
    <size>
        <width>256</width>
        <height>256</height>
        <depth>3</depth>
    </size>
    <segmented>0</segmented>
    <object>
    <name>cat</name>
    <pose>Unspecified</pose>
    <truncated>0</truncated>
    <difficult>0</difficult>
    <bndbox>
        <xmin>34.53107344632768</xmin>
        <ymin>9.256496623411017</ymin>
        <xmax>217.05762270480227</xmax>
        <ymax>200.1717646539548</ymax>
    </bndbox>
</object>
</annotation>
