<annotation verified="yes">
    <folder>Annotation</folder>
    <filename>cat.279.jpg</filename>
    <path>Cat-PascalVOC-export/Annotations/cat.279.jpg</path>
    <source>
        <database>Unknown</database>
    </source>
    <size>
        <width>256</width>
        <height>256</height>
        <depth>3</depth>
    </size>
    <segmented>0</segmented>
    <object>
    <name>cat</name>
    <pose>Unspecified</pose>
    <truncated>0</truncated>
    <difficult>0</difficult>
    <bndbox>
        <xmin>14.282485875706215</xmin>
        <ymin>5.496046852930791</ymin>
        <xmax>240.19888771186442</xmax>
        <ymax>245.87570621468927</ymax>
    </bndbox>
</object>
</annotation>
