<annotation verified="yes">
    <folder>Annotation</folder>
    <filename>cat.675.jpg</filename>
    <path>cat_new-PascalVOC-export/Annotations/cat.675.jpg</path>
    <source>
        <database>Unknown</database>
    </source>
    <size>
        <width>256</width>
        <height>256</height>
        <depth>3</depth>
    </size>
    <segmented>0</segmented>
    <object>
    <name>cat</name>
    <pose>Unspecified</pose>
    <truncated>0</truncated>
    <difficult>0</difficult>
    <bndbox>
        <xmin>0.6870034427966102</xmin>
        <ymin>13.88474907309322</ymin>
        <xmax>228.04974399717514</xmax>
        <ymax>256</ymax>
    </bndbox>
</object>
</annotation>
