<annotation verified="yes">
    <folder>Annotation</folder>
    <filename>cat.265.jpg</filename>
    <path>Cat-PascalVOC-export/Annotations/cat.265.jpg</path>
    <source>
        <database>Unknown</database>
    </source>
    <size>
        <width>256</width>
        <height>256</height>
        <depth>3</depth>
    </size>
    <segmented>0</segmented>
    <object>
    <name>cat</name>
    <pose>Unspecified</pose>
    <truncated>0</truncated>
    <difficult>0</difficult>
    <bndbox>
        <xmin>8.786447298728813</xmin>
        <ymin>49.175141242937855</ymin>
        <xmax>221.97515007062145</xmax>
        <ymax>248.7683615819209</ymax>
    </bndbox>
</object>
</annotation>
