<annotation verified="yes">
    <folder>Annotation</folder>
    <filename>cat.26.jpg</filename>
    <path>Cat-PascalVOC-export/Annotations/cat.26.jpg</path>
    <source>
        <database>Unknown</database>
    </source>
    <size>
        <width>256</width>
        <height>256</height>
        <depth>3</depth>
    </size>
    <segmented>0</segmented>
    <object>
    <name>cat</name>
    <pose>Unspecified</pose>
    <truncated>0</truncated>
    <difficult>0</difficult>
    <bndbox>
        <xmin>28.167229431497177</xmin>
        <ymin>42.522036105225986</ymin>
        <xmax>123.62486758474576</xmax>
        <ymax>225.91637976694915</ymax>
    </bndbox>
</object>
</annotation>
