<annotation verified="yes">
    <folder>Annotation</folder>
    <filename>cat.25.jpg</filename>
    <path>Cat-PascalVOC-export/Annotations/cat.25.jpg</path>
    <source>
        <database>Unknown</database>
    </source>
    <size>
        <width>256</width>
        <height>256</height>
        <depth>3</depth>
    </size>
    <segmented>0</segmented>
    <object>
    <name>cat</name>
    <pose>Unspecified</pose>
    <truncated>0</truncated>
    <difficult>0</difficult>
    <bndbox>
        <xmin>83.88700564971751</xmin>
        <ymin>11.570621468926554</ymin>
        <xmax>250.32318149717514</xmax>
        <ymax>251.66101694915255</ymax>
    </bndbox>
</object>
</annotation>
