<annotation verified="yes">
    <folder>Annotation</folder>
    <filename>cat.671.jpg</filename>
    <path>cat_new-PascalVOC-export/Annotations/cat.671.jpg</path>
    <source>
        <database>Unknown</database>
    </source>
    <size>
        <width>256</width>
        <height>256</height>
        <depth>3</depth>
    </size>
    <segmented>0</segmented>
    <object>
    <name>cat</name>
    <pose>Unspecified</pose>
    <truncated>0</truncated>
    <difficult>0</difficult>
    <bndbox>
        <xmin>43.2090395480226</xmin>
        <ymin>3.1819220074152543</ymin>
        <xmax>174.64406779661016</xmax>
        <ymax>256</ymax>
    </bndbox>
</object>
</annotation>
