<annotation verified="yes">
    <folder>Annotation</folder>
    <filename>cat.805.jpg</filename>
    <path>cat_new-PascalVOC-export/Annotations/cat.805.jpg</path>
    <source>
        <database>Unknown</database>
    </source>
    <size>
        <width>256</width>
        <height>256</height>
        <depth>3</depth>
    </size>
    <segmented>0</segmented>
    <object>
    <name>cat</name>
    <pose>Unspecified</pose>
    <truncated>0</truncated>
    <difficult>0</difficult>
    <bndbox>
        <xmin>71.55707097457628</xmin>
        <ymin>61.613557115113</ymin>
        <xmax>204.32995674435028</xmax>
        <ymax>207.69266419491527</ymax>
    </bndbox>
</object>
</annotation>
