<annotation verified="yes">
    <folder>Annotation</folder>
    <filename>cat.624.jpg</filename>
    <path>cat_new-PascalVOC-export/Annotations/cat.624.jpg</path>
    <source>
        <database>Unknown</database>
    </source>
    <size>
        <width>256</width>
        <height>256</height>
        <depth>3</depth>
    </size>
    <segmented>0</segmented>
    <object>
    <name>cat</name>
    <pose>Unspecified</pose>
    <truncated>0</truncated>
    <difficult>0</difficult>
    <bndbox>
        <xmin>63.746888241525426</xmin>
        <ymin>5.785310734463277</ymin>
        <xmax>219.9502780720339</xmax>
        <ymax>226.20566295903956</ymax>
    </bndbox>
</object>
</annotation>
