<annotation verified="yes">
    <folder>Annotation</folder>
    <filename>cat.125.jpg</filename>
    <path>Cat-PascalVOC-export/Annotations/cat.125.jpg</path>
    <source>
        <database>Unknown</database>
    </source>
    <size>
        <width>256</width>
        <height>256</height>
        <depth>3</depth>
    </size>
    <segmented>0</segmented>
    <object>
    <name>cat</name>
    <pose>Unspecified</pose>
    <truncated>0</truncated>
    <difficult>0</difficult>
    <bndbox>
        <xmin>27.29943502824859</xmin>
        <ymin>3.1819220074152543</ymin>
        <xmax>205.4870012358757</xmax>
        <ymax>242.11526747881356</ymax>
    </bndbox>
</object>
</annotation>
