<annotation verified="yes">
    <folder>Annotation</folder>
    <filename>cat.187.jpg</filename>
    <path>Cat-PascalVOC-export/Annotations/cat.187.jpg</path>
    <source>
        <database>Unknown</database>
    </source>
    <size>
        <width>256</width>
        <height>256</height>
        <depth>3</depth>
    </size>
    <segmented>0</segmented>
    <object>
    <name>cat</name>
    <pose>Unspecified</pose>
    <truncated>0</truncated>
    <difficult>0</difficult>
    <bndbox>
        <xmin>78.499448269774</xmin>
        <ymin>0</ymin>
        <xmax>222.84293343926552</xmax>
        <ymax>244.42937853107344</ymax>
    </bndbox>
</object>
</annotation>
