<annotation verified="yes">
    <folder>Annotation</folder>
    <filename>cat.63.jpg</filename>
    <path>Cat-PascalVOC-export/Annotations/cat.63.jpg</path>
    <source>
        <database>Unknown</database>
    </source>
    <size>
        <width>256</width>
        <height>256</height>
        <depth>3</depth>
    </size>
    <segmented>0</segmented>
    <object>
    <name>cat</name>
    <pose>Unspecified</pose>
    <truncated>0</truncated>
    <difficult>0</difficult>
    <bndbox>
        <xmin>6.183053054378531</xmin>
        <ymin>31.52994239936441</ymin>
        <xmax>195.36270745056495</xmax>
        <ymax>251.08249470338984</ymax>
    </bndbox>
</object>
</annotation>
