<annotation verified="yes">
    <folder>Annotation</folder>
    <filename>cat.285.jpg</filename>
    <path>Cat-PascalVOC-export/Annotations/cat.285.jpg</path>
    <source>
        <database>Unknown</database>
    </source>
    <size>
        <width>256</width>
        <height>256</height>
        <depth>3</depth>
    </size>
    <segmented>0</segmented>
    <object>
    <name>cat</name>
    <pose>Unspecified</pose>
    <truncated>0</truncated>
    <difficult>0</difficult>
    <bndbox>
        <xmin>57.961577507062145</xmin>
        <ymin>21.40564861405367</ymin>
        <xmax>239.3310822740113</xmax>
        <ymax>255.13221663135593</ymax>
    </bndbox>
</object>
</annotation>
