<annotation verified="yes">
    <folder>Annotation</folder>
    <filename>cat.813.jpg</filename>
    <path>cat_new-PascalVOC-export/Annotations/cat.813.jpg</path>
    <source>
        <database>Unknown</database>
    </source>
    <size>
        <width>256</width>
        <height>256</height>
        <depth>3</depth>
    </size>
    <segmented>0</segmented>
    <object>
    <name>cat</name>
    <pose>Unspecified</pose>
    <truncated>0</truncated>
    <difficult>0</difficult>
    <bndbox>
        <xmin>5.604519774011299</xmin>
        <ymin>0.2892666401836158</ymin>
        <xmax>256</xmax>
        <ymax>248.47910045903956</ymax>
    </bndbox>
</object>
</annotation>
