<annotation verified="yes">
    <folder>Annotation</folder>
    <filename>cat.232.jpg</filename>
    <path>Cat-PascalVOC-export/Annotations/cat.232.jpg</path>
    <source>
        <database>Unknown</database>
    </source>
    <size>
        <width>256</width>
        <height>256</height>
        <depth>3</depth>
    </size>
    <segmented>0</segmented>
    <object>
    <name>cat</name>
    <pose>Unspecified</pose>
    <truncated>0</truncated>
    <difficult>0</difficult>
    <bndbox>
        <xmin>85.73108668785311</xmin>
        <ymin>62.481362552966104</ymin>
        <xmax>256</xmax>
        <ymax>165.7491613700565</ymax>
    </bndbox>
</object>
</annotation>
