<annotation verified="yes">
    <folder>Annotation</folder>
    <filename>cat.179.jpg</filename>
    <path>Cat-PascalVOC-export/Annotations/cat.179.jpg</path>
    <source>
        <database>Unknown</database>
    </source>
    <size>
        <width>256</width>
        <height>256</height>
        <depth>3</depth>
    </size>
    <segmented>0</segmented>
    <object>
    <name>cat</name>
    <pose>Unspecified</pose>
    <truncated>0</truncated>
    <difficult>0</difficult>
    <bndbox>
        <xmin>10.522036105225988</xmin>
        <ymin>22.85197629766949</ymin>
        <xmax>245.40567620056498</xmax>
        <ymax>239.22261211158192</ymax>
    </bndbox>
</object>
</annotation>
