<annotation verified="yes">
    <folder>Annotation</folder>
    <filename>cat.697.jpg</filename>
    <path>cat_new-PascalVOC-export/Annotations/cat.697.jpg</path>
    <source>
        <database>Unknown</database>
    </source>
    <size>
        <width>256</width>
        <height>256</height>
        <depth>3</depth>
    </size>
    <segmented>0</segmented>
    <object>
    <name>cat</name>
    <pose>Unspecified</pose>
    <truncated>0</truncated>
    <difficult>0</difficult>
    <bndbox>
        <xmin>23.249724134887007</xmin>
        <ymin>29.2158203125</ymin>
        <xmax>242.98305084745763</xmax>
        <ymax>255.13221663135593</ymax>
    </bndbox>
</object>
</annotation>
