<annotation verified="yes">
    <folder>Annotation</folder>
    <filename>cat.704.jpg</filename>
    <path>cat_new-PascalVOC-export/Annotations/cat.704.jpg</path>
    <source>
        <database>Unknown</database>
    </source>
    <size>
        <width>256</width>
        <height>256</height>
        <depth>3</depth>
    </size>
    <segmented>0</segmented>
    <object>
    <name>cat</name>
    <pose>Unspecified</pose>
    <truncated>0</truncated>
    <difficult>0</difficult>
    <bndbox>
        <xmin>75.89605402542372</xmin>
        <ymin>3.1819220074152543</ymin>
        <xmax>186.97402454096044</xmax>
        <ymax>227.36270745056498</ymax>
    </bndbox>
</object>
</annotation>
