<annotation verified="yes">
    <folder>Annotation</folder>
    <filename>cat.82.jpg</filename>
    <path>Cat-PascalVOC-export/Annotations/cat.82.jpg</path>
    <source>
        <database>Unknown</database>
    </source>
    <size>
        <width>256</width>
        <height>256</height>
        <depth>3</depth>
    </size>
    <segmented>0</segmented>
    <object>
    <name>cat</name>
    <pose>Unspecified</pose>
    <truncated>0</truncated>
    <difficult>0</difficult>
    <bndbox>
        <xmin>20.06779661016949</xmin>
        <ymin>35.00113104696327</ymin>
        <xmax>218.21468926553672</xmax>
        <ymax>239.51187323446328</ymax>
    </bndbox>
</object>
</annotation>
