<annotation verified="yes">
    <folder>Annotation</folder>
    <filename>cat.684.jpg</filename>
    <path>cat_new-PascalVOC-export/Annotations/cat.684.jpg</path>
    <source>
        <database>Unknown</database>
    </source>
    <size>
        <width>256</width>
        <height>256</height>
        <depth>3</depth>
    </size>
    <segmented>0</segmented>
    <object>
    <name>cat</name>
    <pose>Unspecified</pose>
    <truncated>0</truncated>
    <difficult>0</difficult>
    <bndbox>
        <xmin>47.83728372175141</xmin>
        <ymin>7.231638418079096</ymin>
        <xmax>230.0745939265537</xmax>
        <ymax>220.13106903248587</ymax>
    </bndbox>
</object>
</annotation>
