<annotation verified="yes">
    <folder>Annotation</folder>
    <filename>cat.201.jpg</filename>
    <path>Cat-PascalVOC-export/Annotations/cat.201.jpg</path>
    <source>
        <database>Unknown</database>
    </source>
    <size>
        <width>256</width>
        <height>256</height>
        <depth>3</depth>
    </size>
    <segmented>0</segmented>
    <object>
    <name>cat</name>
    <pose>Unspecified</pose>
    <truncated>0</truncated>
    <difficult>0</difficult>
    <bndbox>
        <xmin>0</xmin>
        <ymin>11.642936749646895</ymin>
        <xmax>253.86666887358757</xmax>
        <ymax>221.36045639124296</ymax>
    </bndbox>
</object>
</annotation>
