<annotation verified="yes">
    <folder>Annotation</folder>
    <filename>cat.773.jpg</filename>
    <path>cat_new-PascalVOC-export/Annotations/cat.773.jpg</path>
    <source>
        <database>Unknown</database>
    </source>
    <size>
        <width>256</width>
        <height>256</height>
        <depth>3</depth>
    </size>
    <segmented>0</segmented>
    <object>
    <name>cat</name>
    <pose>Unspecified</pose>
    <truncated>0</truncated>
    <difficult>0</difficult>
    <bndbox>
        <xmin>0</xmin>
        <ymin>24.876837261652543</ymin>
        <xmax>241.24745100635593</xmax>
        <ymax>238.6440677966102</ymax>
    </bndbox>
</object>
</annotation>
