<annotation verified="yes">
    <folder>Annotation</folder>
    <filename>cat.737.jpg</filename>
    <path>cat_new-PascalVOC-export/Annotations/cat.737.jpg</path>
    <source>
        <database>Unknown</database>
    </source>
    <size>
        <width>256</width>
        <height>256</height>
        <depth>3</depth>
    </size>
    <segmented>0</segmented>
    <object>
    <name>cat</name>
    <pose>Unspecified</pose>
    <truncated>0</truncated>
    <difficult>0</difficult>
    <bndbox>
        <xmin>2.1333311264124295</xmin>
        <ymin>46.57175251588983</ymin>
        <xmax>182.23728813559322</xmax>
        <ymax>256</ymax>
    </bndbox>
</object>
</annotation>
