<annotation verified="yes">
    <folder>Annotation</folder>
    <filename>cat.33.jpg</filename>
    <path>Cat-PascalVOC-export/Annotations/cat.33.jpg</path>
    <source>
        <database>Unknown</database>
    </source>
    <size>
        <width>256</width>
        <height>256</height>
        <depth>3</depth>
    </size>
    <segmented>0</segmented>
    <object>
    <name>cat</name>
    <pose>Unspecified</pose>
    <truncated>0</truncated>
    <difficult>0</difficult>
    <bndbox>
        <xmin>85.44180349576271</xmin>
        <ymin>62.77062367584746</ymin>
        <xmax>201.7265625</xmax>
        <ymax>256</ymax>
    </bndbox>
</object>
</annotation>
