<annotation verified="yes">
    <folder>Annotation</folder>
    <filename>cat.191.jpg</filename>
    <path>Cat-PascalVOC-export/Annotations/cat.191.jpg</path>
    <source>
        <database>Unknown</database>
    </source>
    <size>
        <width>256</width>
        <height>256</height>
        <depth>3</depth>
    </size>
    <segmented>0</segmented>
    <object>
    <name>cat</name>
    <pose>Unspecified</pose>
    <truncated>0</truncated>
    <difficult>0</difficult>
    <bndbox>
        <xmin>26.142379502118644</xmin>
        <ymin>7.593220338983051</ymin>
        <xmax>237.01694915254237</xmax>
        <ymax>246.74351165254237</ymax>
    </bndbox>
</object>
</annotation>
