<annotation verified="yes">
    <folder>Annotation</folder>
    <filename>cat.277.jpg</filename>
    <path>Cat-PascalVOC-export/Annotations/cat.277.jpg</path>
    <source>
        <database>Unknown</database>
    </source>
    <size>
        <width>256</width>
        <height>256</height>
        <depth>3</depth>
    </size>
    <segmented>0</segmented>
    <object>
    <name>cat</name>
    <pose>Unspecified</pose>
    <truncated>0</truncated>
    <difficult>0</difficult>
    <bndbox>
        <xmin>57.961577507062145</xmin>
        <ymin>31.52994239936441</ymin>
        <xmax>176.84973075564972</xmax>
        <ymax>232.56949593926555</ymax>
    </bndbox>
</object>
</annotation>
