<annotation verified="yes">
    <folder>Annotation</folder>
    <filename>cat.774.jpg</filename>
    <path>cat_new-PascalVOC-export/Annotations/cat.774.jpg</path>
    <source>
        <database>Unknown</database>
    </source>
    <size>
        <width>256</width>
        <height>256</height>
        <depth>3</depth>
    </size>
    <segmented>0</segmented>
    <object>
    <name>cat</name>
    <pose>Unspecified</pose>
    <truncated>0</truncated>
    <difficult>0</difficult>
    <bndbox>
        <xmin>67.21808792372882</xmin>
        <ymin>12.727685271009888</ymin>
        <xmax>183.2135637358757</xmax>
        <ymax>170.955927789548</ymax>
    </bndbox>
</object>
</annotation>
