<annotation verified="yes">
    <folder>Annotation</folder>
    <filename>cat.109.jpg</filename>
    <path>Cat-PascalVOC-export/Annotations/cat.109.jpg</path>
    <source>
        <database>Unknown</database>
    </source>
    <size>
        <width>256</width>
        <height>256</height>
        <depth>3</depth>
    </size>
    <segmented>0</segmented>
    <object>
    <name>cat</name>
    <pose>Unspecified</pose>
    <truncated>0</truncated>
    <difficult>0</difficult>
    <bndbox>
        <xmin>29.324295992231637</xmin>
        <ymin>2.3141248455155368</ymin>
        <xmax>212.42937853107344</xmax>
        <ymax>256</ymax>
    </bndbox>
</object>
</annotation>
