<annotation verified="yes">
    <folder>Annotation</folder>
    <filename>cat.692.jpg</filename>
    <path>cat_new-PascalVOC-export/Annotations/cat.692.jpg</path>
    <source>
        <database>Unknown</database>
    </source>
    <size>
        <width>256</width>
        <height>256</height>
        <depth>3</depth>
    </size>
    <segmented>0</segmented>
    <object>
    <name>cat</name>
    <pose>Unspecified</pose>
    <truncated>0</truncated>
    <difficult>0</difficult>
    <bndbox>
        <xmin>69.78531073446328</xmin>
        <ymin>90.54011078742938</ymin>
        <xmax>228.62826624293785</xmax>
        <ymax>205.37853107344634</ymax>
    </bndbox>
</object>
</annotation>
