<annotation verified="yes">
    <folder>Annotation</folder>
    <filename>cat.263.jpg</filename>
    <path>Cat-PascalVOC-export/Annotations/cat.263.jpg</path>
    <source>
        <database>Unknown</database>
    </source>
    <size>
        <width>256</width>
        <height>256</height>
        <depth>3</depth>
    </size>
    <segmented>0</segmented>
    <object>
    <name>cat</name>
    <pose>Unspecified</pose>
    <truncated>0</truncated>
    <difficult>0</difficult>
    <bndbox>
        <xmin>5.315258651129944</xmin>
        <ymin>48.090395480225986</ymin>
        <xmax>158.73446327683615</xmax>
        <ymax>252.2395612641243</ymax>
    </bndbox>
</object>
</annotation>
