<annotation verified="yes">
    <folder>Annotation</folder>
    <filename>cat.159.jpg</filename>
    <path>Cat-PascalVOC-export/Annotations/cat.159.jpg</path>
    <source>
        <database>Unknown</database>
    </source>
    <size>
        <width>256</width>
        <height>256</height>
        <depth>3</depth>
    </size>
    <segmented>0</segmented>
    <object>
    <name>cat</name>
    <pose>Unspecified</pose>
    <truncated>0</truncated>
    <difficult>0</difficult>
    <bndbox>
        <xmin>5.604519774011299</xmin>
        <ymin>0</ymin>
        <xmax>256</xmax>
        <ymax>253.39660575564972</ymax>
    </bndbox>
</object>
</annotation>
