<annotation verified="yes">
    <folder>Annotation</folder>
    <filename>cat.8.jpg</filename>
    <path>Cat-PascalVOC-export/Annotations/cat.8.jpg</path>
    <source>
        <database>Unknown</database>
    </source>
    <size>
        <width>256</width>
        <height>256</height>
        <depth>3</depth>
    </size>
    <segmented>0</segmented>
    <object>
    <name>cat</name>
    <pose>Unspecified</pose>
    <truncated>0</truncated>
    <difficult>0</difficult>
    <bndbox>
        <xmin>5.0259864936440675</xmin>
        <ymin>46.282485875706215</ymin>
        <xmax>225.15706656073448</xmax>
        <ymax>242.40452860169492</ymax>
    </bndbox>
</object>
</annotation>
