<annotation verified="yes">
    <folder>Annotation</folder>
    <filename>cat.50.jpg</filename>
    <path>Cat-PascalVOC-export/Annotations/cat.50.jpg</path>
    <source>
        <database>Unknown</database>
    </source>
    <size>
        <width>256</width>
        <height>256</height>
        <depth>3</depth>
    </size>
    <segmented>0</segmented>
    <object>
    <name>cat</name>
    <pose>Unspecified</pose>
    <truncated>0</truncated>
    <difficult>0</difficult>
    <bndbox>
        <xmin>5.785310734463277</xmin>
        <ymin>18.223732123940678</ymin>
        <xmax>249.74465925141243</xmax>
        <ymax>241.24746204096044</ymax>
    </bndbox>
</object>
</annotation>
