<annotation verified="yes">
    <folder>Annotation</folder>
    <filename>cat.713.jpg</filename>
    <path>cat_new-PascalVOC-export/Annotations/cat.713.jpg</path>
    <source>
        <database>Unknown</database>
    </source>
    <size>
        <width>256</width>
        <height>256</height>
        <depth>3</depth>
    </size>
    <segmented>0</segmented>
    <object>
    <name>cat</name>
    <pose>Unspecified</pose>
    <truncated>0</truncated>
    <difficult>0</difficult>
    <bndbox>
        <xmin>7.62938073799435</xmin>
        <ymin>6.94237453654661</ymin>
        <xmax>243.38078213276836</xmax>
        <ymax>250.79323358050848</ymax>
    </bndbox>
</object>
</annotation>
