<annotation verified="yes">
    <folder>Annotation</folder>
    <filename>cat.129.jpg</filename>
    <path>Cat-PascalVOC-export/Annotations/cat.129.jpg</path>
    <source>
        <database>Unknown</database>
    </source>
    <size>
        <width>256</width>
        <height>256</height>
        <depth>3</depth>
    </size>
    <segmented>0</segmented>
    <object>
    <name>cat</name>
    <pose>Unspecified</pose>
    <truncated>0</truncated>
    <difficult>0</difficult>
    <bndbox>
        <xmin>51.59774452683616</xmin>
        <ymin>1.7355943237994351</ymin>
        <xmax>172.80000882768363</xmax>
        <ymax>252.818083509887</ymax>
    </bndbox>
</object>
</annotation>
