<annotation verified="yes">
    <folder>Annotation</folder>
    <filename>cat.156.jpg</filename>
    <path>Cat-PascalVOC-export/Annotations/cat.156.jpg</path>
    <source>
        <database>Unknown</database>
    </source>
    <size>
        <width>256</width>
        <height>256</height>
        <depth>3</depth>
    </size>
    <segmented>0</segmented>
    <object>
    <name>cat</name>
    <pose>Unspecified</pose>
    <truncated>0</truncated>
    <difficult>0</difficult>
    <bndbox>
        <xmin>49.86215572033898</xmin>
        <ymin>7.520905058262712</ymin>
        <xmax>256</xmax>
        <ymax>256</ymax>
    </bndbox>
</object>
</annotation>
