<annotation verified="yes">
    <folder>Annotation</folder>
    <filename>cat.105.jpg</filename>
    <path>Cat-PascalVOC-export/Annotations/cat.105.jpg</path>
    <source>
        <database>Unknown</database>
    </source>
    <size>
        <width>256</width>
        <height>256</height>
        <depth>3</depth>
    </size>
    <segmented>0</segmented>
    <object>
    <name>cat</name>
    <pose>Unspecified</pose>
    <truncated>0</truncated>
    <difficult>0</difficult>
    <bndbox>
        <xmin>2.711864406779661</xmin>
        <ymin>2.024858205331921</ymin>
        <xmax>253.7943591101695</xmax>
        <ymax>253.68588894774012</ymax>
    </bndbox>
</object>
</annotation>
