<annotation verified="yes">
    <folder>Annotation</folder>
    <filename>cat.43.jpg</filename>
    <path>Cat-PascalVOC-export/Annotations/cat.43.jpg</path>
    <source>
        <database>Unknown</database>
    </source>
    <size>
        <width>256</width>
        <height>256</height>
        <depth>3</depth>
    </size>
    <segmented>0</segmented>
    <object>
    <name>cat</name>
    <pose>Unspecified</pose>
    <truncated>0</truncated>
    <difficult>0</difficult>
    <bndbox>
        <xmin>88.1175185381356</xmin>
        <ymin>92.20338983050847</ymin>
        <xmax>231.01469809322032</xmax>
        <ymax>254.1920903954802</ymax>
    </bndbox>
</object>
</annotation>
