<annotation verified="yes">
    <folder>Annotation</folder>
    <filename>cat.224.jpg</filename>
    <path>Cat-PascalVOC-export/Annotations/cat.224.jpg</path>
    <source>
        <database>Unknown</database>
    </source>
    <size>
        <width>256</width>
        <height>256</height>
        <depth>3</depth>
    </size>
    <segmented>0</segmented>
    <object>
    <name>cat</name>
    <pose>Unspecified</pose>
    <truncated>0</truncated>
    <difficult>0</difficult>
    <bndbox>
        <xmin>37.7130009710452</xmin>
        <ymin>15.041810116525424</ymin>
        <xmax>256</xmax>
        <ymax>193.80790960451978</ymax>
    </bndbox>
</object>
</annotation>
