<annotation verified="yes">
    <folder>Annotation</folder>
    <filename>cat.34.jpg</filename>
    <path>Cat-PascalVOC-export/Annotations/cat.34.jpg</path>
    <source>
        <database>Unknown</database>
    </source>
    <size>
        <width>256</width>
        <height>256</height>
        <depth>3</depth>
    </size>
    <segmented>0</segmented>
    <object>
    <name>cat</name>
    <pose>Unspecified</pose>
    <truncated>0</truncated>
    <difficult>0</difficult>
    <bndbox>
        <xmin>49.28361140536723</xmin>
        <ymin>20.8271208509887</ymin>
        <xmax>182.92430261299435</xmax>
        <ymax>247.61129502118644</ymax>
    </bndbox>
</object>
</annotation>
