<annotation verified="yes">
    <folder>Annotation</folder>
    <filename>cat.208.jpg</filename>
    <path>Cat-PascalVOC-export/Annotations/cat.208.jpg</path>
    <source>
        <database>Unknown</database>
    </source>
    <size>
        <width>256</width>
        <height>256</height>
        <depth>3</depth>
    </size>
    <segmented>0</segmented>
    <object>
    <name>cat</name>
    <pose>Unspecified</pose>
    <truncated>0</truncated>
    <difficult>0</difficult>
    <bndbox>
        <xmin>2.8926553672316384</xmin>
        <ymin>15.620337879590396</ymin>
        <xmax>223.4214777542373</xmax>
        <ymax>256</ymax>
    </bndbox>
</object>
</annotation>
