<annotation verified="yes">
    <folder>Annotation</folder>
    <filename>cat.829.jpg</filename>
    <path>cat_new-PascalVOC-export/Annotations/cat.829.jpg</path>
    <source>
        <database>Unknown</database>
    </source>
    <size>
        <width>256</width>
        <height>256</height>
        <depth>3</depth>
    </size>
    <segmented>0</segmented>
    <object>
    <name>cat</name>
    <pose>Unspecified</pose>
    <truncated>0</truncated>
    <difficult>0</difficult>
    <bndbox>
        <xmin>1.8440700035310735</xmin>
        <ymin>14.463276836158192</ymin>
        <xmax>239.6203654661017</xmax>
        <ymax>240.66893979519776</ymax>
    </bndbox>
</object>
</annotation>
