<annotation verified="yes">
    <folder>Annotation</folder>
    <filename>cat.172.jpg</filename>
    <path>Cat-PascalVOC-export/Annotations/cat.172.jpg</path>
    <source>
        <database>Unknown</database>
    </source>
    <size>
        <width>256</width>
        <height>256</height>
        <depth>3</depth>
    </size>
    <segmented>0</segmented>
    <object>
    <name>cat</name>
    <pose>Unspecified</pose>
    <truncated>0</truncated>
    <difficult>0</difficult>
    <bndbox>
        <xmin>14.57175803319209</xmin>
        <ymin>6.363841256179379</ymin>
        <xmax>250.03389830508473</xmax>
        <ymax>248.76836158192089</ymax>
    </bndbox>
</object>
</annotation>
