<annotation verified="yes">
    <folder>Annotation</folder>
    <filename>cat.266.jpg</filename>
    <path>Cat-PascalVOC-export/Annotations/cat.266.jpg</path>
    <source>
        <database>Unknown</database>
    </source>
    <size>
        <width>256</width>
        <height>256</height>
        <depth>3</depth>
    </size>
    <segmented>0</segmented>
    <object>
    <name>cat</name>
    <pose>Unspecified</pose>
    <truncated>0</truncated>
    <difficult>0</difficult>
    <bndbox>
        <xmin>60.56497175141243</xmin>
        <ymin>82.15141684322033</ymin>
        <xmax>195.36270745056498</xmax>
        <ymax>246.454250529661</ymax>
    </bndbox>
</object>
</annotation>
