<annotation verified="yes">
    <folder>Annotation</folder>
    <filename>cat.13.jpg</filename>
    <path>Cat-PascalVOC-export/Annotations/cat.13.jpg</path>
    <source>
        <database>Unknown</database>
    </source>
    <size>
        <width>256</width>
        <height>256</height>
        <depth>3</depth>
    </size>
    <segmented>0</segmented>
    <object>
    <name>cat</name>
    <pose>Unspecified</pose>
    <truncated>0</truncated>
    <difficult>0</difficult>
    <bndbox>
        <xmin>5.604519774011299</xmin>
        <ymin>3.760452529131356</ymin>
        <xmax>253.21583686440678</xmax>
        <ymax>247.32203389830508</ymax>
    </bndbox>
</object>
</annotation>
