<annotation verified="yes">
    <folder>Annotation</folder>
    <filename>cat.57.jpg</filename>
    <path>Cat-PascalVOC-export/Annotations/cat.57.jpg</path>
    <source>
        <database>Unknown</database>
    </source>
    <size>
        <width>256</width>
        <height>256</height>
        <depth>3</depth>
    </size>
    <segmented>0</segmented>
    <object>
    <name>cat</name>
    <pose>Unspecified</pose>
    <truncated>0</truncated>
    <difficult>0</difficult>
    <bndbox>
        <xmin>10.232774982344633</xmin>
        <ymin>13.306215792725988</ymin>
        <xmax>239.3310822740113</xmax>
        <ymax>253.10734463276836</ymax>
    </bndbox>
</object>
</annotation>
