<annotation verified="yes">
    <folder>Annotation</folder>
    <filename>cat.16.jpg</filename>
    <path>Cat-PascalVOC-export/Annotations/cat.16.jpg</path>
    <source>
        <database>Unknown</database>
    </source>
    <size>
        <width>256</width>
        <height>256</height>
        <depth>3</depth>
    </size>
    <segmented>0</segmented>
    <object>
    <name>cat</name>
    <pose>Unspecified</pose>
    <truncated>0</truncated>
    <difficult>0</difficult>
    <bndbox>
        <xmin>14.210176112288135</xmin>
        <ymin>43.317515227754235</ymin>
        <xmax>241.28363347457628</xmax>
        <ymax>234.81130826271186</ymax>
    </bndbox>
</object>
</annotation>
