<annotation verified="yes">
    <folder>Annotation</folder>
    <filename>cat.196.jpg</filename>
    <path>Cat-PascalVOC-export/Annotations/cat.196.jpg</path>
    <source>
        <database>Unknown</database>
    </source>
    <size>
        <width>256</width>
        <height>256</height>
        <depth>3</depth>
    </size>
    <segmented>0</segmented>
    <object>
    <name>cat</name>
    <pose>Unspecified</pose>
    <truncated>0</truncated>
    <difficult>0</difficult>
    <bndbox>
        <xmin>6.472314177259887</xmin>
        <ymin>17.934465483757062</ymin>
        <xmax>244.82710981638417</xmax>
        <ymax>253.10734463276836</ymax>
    </bndbox>
</object>
</annotation>
