<annotation verified="yes">
    <folder>Annotation</folder>
    <filename>cat.270.jpg</filename>
    <path>Cat-PascalVOC-export/Annotations/cat.270.jpg</path>
    <source>
        <database>Unknown</database>
    </source>
    <size>
        <width>256</width>
        <height>256</height>
        <depth>3</depth>
    </size>
    <segmented>0</segmented>
    <object>
    <name>cat</name>
    <pose>Unspecified</pose>
    <truncated>0</truncated>
    <difficult>0</difficult>
    <bndbox>
        <xmin>49.28361140536723</xmin>
        <ymin>43.968363788841806</ymin>
        <xmax>256</xmax>
        <ymax>188.60114318502823</ymax>
    </bndbox>
</object>
</annotation>
