<annotation verified="yes">
    <folder>Annotation</folder>
    <filename>cat.788.jpg</filename>
    <path>cat_new-PascalVOC-export/Annotations/cat.788.jpg</path>
    <source>
        <database>Unknown</database>
    </source>
    <size>
        <width>256</width>
        <height>256</height>
        <depth>3</depth>
    </size>
    <segmented>0</segmented>
    <object>
    <name>cat</name>
    <pose>Unspecified</pose>
    <truncated>0</truncated>
    <difficult>0</difficult>
    <bndbox>
        <xmin>9.07570842161017</xmin>
        <ymin>53.51412429378531</ymin>
        <xmax>256</xmax>
        <ymax>231.70169050141243</ymax>
    </bndbox>
</object>
</annotation>
