<annotation verified="yes">
    <folder>Annotation</folder>
    <filename>cat.666.jpg</filename>
    <path>cat_new-PascalVOC-export/Annotations/cat.666.jpg</path>
    <source>
        <database>Unknown</database>
    </source>
    <size>
        <width>256</width>
        <height>256</height>
        <depth>3</depth>
    </size>
    <segmented>0</segmented>
    <object>
    <name>cat</name>
    <pose>Unspecified</pose>
    <truncated>0</truncated>
    <difficult>0</difficult>
    <bndbox>
        <xmin>3.2903976871468927</xmin>
        <ymin>43.679097148658194</ymin>
        <xmax>174.24633651129943</xmax>
        <ymax>187.15481550141243</ymax>
    </bndbox>
</object>
</annotation>
