<annotation verified="yes">
    <folder>Annotation</folder>
    <filename>cat.22.jpg</filename>
    <path>Cat-PascalVOC-export/Annotations/cat.22.jpg</path>
    <source>
        <database>Unknown</database>
    </source>
    <size>
        <width>256</width>
        <height>256</height>
        <depth>3</depth>
    </size>
    <segmented>0</segmented>
    <object>
    <name>cat</name>
    <pose>Unspecified</pose>
    <truncated>0</truncated>
    <difficult>0</difficult>
    <bndbox>
        <xmin>8.207914018361581</xmin>
        <ymin>23.71977621822034</ymin>
        <xmax>211.85085628531073</xmax>
        <ymax>245.29718396892656</ymax>
    </bndbox>
</object>
</annotation>
