<annotation verified="yes">
    <folder>Annotation</folder>
    <filename>cat.797.jpg</filename>
    <path>cat_new-PascalVOC-export/Annotations/cat.797.jpg</path>
    <source>
        <database>Unknown</database>
    </source>
    <size>
        <width>256</width>
        <height>256</height>
        <depth>3</depth>
    </size>
    <segmented>0</segmented>
    <object>
    <name>cat</name>
    <pose>Unspecified</pose>
    <truncated>0</truncated>
    <difficult>0</difficult>
    <bndbox>
        <xmin>3.868930967514124</xmin>
        <ymin>27.76949262888418</ymin>
        <xmax>183.79208598163842</xmax>
        <ymax>256</ymax>
    </bndbox>
</object>
</annotation>
