<annotation verified="yes">
    <folder>Annotation</folder>
    <filename>cat.55.jpg</filename>
    <path>Cat-PascalVOC-export/Annotations/cat.55.jpg</path>
    <source>
        <database>Unknown</database>
    </source>
    <size>
        <width>256</width>
        <height>256</height>
        <depth>3</depth>
    </size>
    <segmented>0</segmented>
    <object>
    <name>cat</name>
    <pose>Unspecified</pose>
    <truncated>0</truncated>
    <difficult>0</difficult>
    <bndbox>
        <xmin>9.07570842161017</xmin>
        <ymin>9.83502990377825</ymin>
        <xmax>218.50395038841808</xmax>
        <ymax>241.24746204096044</ymax>
    </bndbox>
</object>
</annotation>
