<annotation verified="yes">
    <folder>Annotation</folder>
    <filename>cat.81.jpg</filename>
    <path>Cat-PascalVOC-export/Annotations/cat.81.jpg</path>
    <source>
        <database>Unknown</database>
    </source>
    <size>
        <width>256</width>
        <height>256</height>
        <depth>3</depth>
    </size>
    <segmented>0</segmented>
    <object>
    <name>cat</name>
    <pose>Unspecified</pose>
    <truncated>0</truncated>
    <difficult>0</difficult>
    <bndbox>
        <xmin>20.646329890536723</xmin>
        <ymin>35.00113104696327</ymin>
        <xmax>256</xmax>
        <ymax>245.87570621468927</ymax>
    </bndbox>
</object>
</annotation>
