<annotation verified="yes">
    <folder>Annotation</folder>
    <filename>cat.52.jpg</filename>
    <path>Cat-PascalVOC-export/Annotations/cat.52.jpg</path>
    <source>
        <database>Unknown</database>
    </source>
    <size>
        <width>256</width>
        <height>256</height>
        <depth>3</depth>
    </size>
    <segmented>0</segmented>
    <object>
    <name>cat</name>
    <pose>Unspecified</pose>
    <truncated>0</truncated>
    <difficult>0</difficult>
    <bndbox>
        <xmin>39.73785090042373</xmin>
        <ymin>24.009042858403955</ymin>
        <xmax>204.61921786723164</xmax>
        <ymax>256</ymax>
    </bndbox>
</object>
</annotation>
