<annotation verified="yes">
    <folder>Annotation</folder>
    <filename>cat.703.jpg</filename>
    <path>cat_new-PascalVOC-export/Annotations/cat.703.jpg</path>
    <source>
        <database>Unknown</database>
    </source>
    <size>
        <width>256</width>
        <height>256</height>
        <depth>3</depth>
    </size>
    <segmented>0</segmented>
    <object>
    <name>cat</name>
    <pose>Unspecified</pose>
    <truncated>0</truncated>
    <difficult>0</difficult>
    <bndbox>
        <xmin>0</xmin>
        <ymin>37.459889212570616</ymin>
        <xmax>246.3457582980226</xmax>
        <ymax>228.37515448446328</ymax>
    </bndbox>
</object>
</annotation>
