<annotation verified="yes">
    <folder>Annotation</folder>
    <filename>cat.831.jpg</filename>
    <path>cat_new-PascalVOC-export/Annotations/cat.831.jpg</path>
    <source>
        <database>Unknown</database>
    </source>
    <size>
        <width>256</width>
        <height>256</height>
        <depth>3</depth>
    </size>
    <segmented>0</segmented>
    <object>
    <name>cat</name>
    <pose>Unspecified</pose>
    <truncated>0</truncated>
    <difficult>0</difficult>
    <bndbox>
        <xmin>5.893791931497175</xmin>
        <ymin>27.76949262888418</ymin>
        <xmax>243.38078213276836</xmax>
        <ymax>251.95027807203388</ymax>
    </bndbox>
</object>
</annotation>
