<annotation verified="yes">
    <folder>Annotation</folder>
    <filename>cat.652.jpg</filename>
    <path>cat_new-PascalVOC-export/Annotations/cat.652.jpg</path>
    <source>
        <database>Unknown</database>
    </source>
    <size>
        <width>256</width>
        <height>256</height>
        <depth>3</depth>
    </size>
    <segmented>0</segmented>
    <object>
    <name>cat</name>
    <pose>Unspecified</pose>
    <truncated>0</truncated>
    <difficult>0</difficult>
    <bndbox>
        <xmin>12.54689706920904</xmin>
        <ymin>34.13333664371469</ymin>
        <xmax>201.14801818502826</xmax>
        <ymax>233.43730137711864</ymax>
    </bndbox>
</object>
</annotation>
