<annotation verified="yes">
    <folder>Annotation</folder>
    <filename>cat.5.jpg</filename>
    <path>Cat-PascalVOC-export/Annotations/cat.5.jpg</path>
    <source>
        <database>Unknown</database>
    </source>
    <size>
        <width>256</width>
        <height>256</height>
        <depth>3</depth>
    </size>
    <segmented>0</segmented>
    <object>
    <name>cat</name>
    <pose>Unspecified</pose>
    <truncated>0</truncated>
    <difficult>0</difficult>
    <bndbox>
        <xmin>47.548022598870055</xmin>
        <ymin>91.69717734816385</ymin>
        <xmax>176.84973075564972</xmax>
        <ymax>201.61809233757063</ymax>
    </bndbox>
</object>
</annotation>
