<annotation verified="yes">
    <folder>Annotation</folder>
    <filename>cat.144.jpg</filename>
    <path>Cat-PascalVOC-export/Annotations/cat.144.jpg</path>
    <source>
        <database>Unknown</database>
    </source>
    <size>
        <width>256</width>
        <height>256</height>
        <depth>3</depth>
    </size>
    <segmented>0</segmented>
    <object>
    <name>cat</name>
    <pose>Unspecified</pose>
    <truncated>0</truncated>
    <difficult>0</difficult>
    <bndbox>
        <xmin>2.422603283898305</xmin>
        <ymin>78.39096707274011</ymin>
        <xmax>240.1988877118644</xmax>
        <ymax>242.9830508474576</ymax>
    </bndbox>
</object>
</annotation>
