<annotation verified="yes">
    <folder>Annotation</folder>
    <filename>cat.246.jpg</filename>
    <path>Cat-PascalVOC-export/Annotations/cat.246.jpg</path>
    <source>
        <database>Unknown</database>
    </source>
    <size>
        <width>256</width>
        <height>256</height>
        <depth>3</depth>
    </size>
    <segmented>0</segmented>
    <object>
    <name>cat</name>
    <pose>Unspecified</pose>
    <truncated>0</truncated>
    <difficult>0</difficult>
    <bndbox>
        <xmin>79.07797051553672</xmin>
        <ymin>37.025992010946325</ymin>
        <xmax>233.25648834745763</xmax>
        <ymax>247.90057821327684</ymax>
    </bndbox>
</object>
</annotation>
