<annotation verified="yes">
    <folder>Annotation</folder>
    <filename>cat.146.jpg</filename>
    <path>Cat-PascalVOC-export/Annotations/cat.146.jpg</path>
    <source>
        <database>Unknown</database>
    </source>
    <size>
        <width>256</width>
        <height>256</height>
        <depth>3</depth>
    </size>
    <segmented>0</segmented>
    <object>
    <name>cat</name>
    <pose>Unspecified</pose>
    <truncated>0</truncated>
    <difficult>0</difficult>
    <bndbox>
        <xmin>54.4903998940678</xmin>
        <ymin>0</ymin>
        <xmax>224.57854431497174</xmax>
        <ymax>239.22261211158192</ymax>
    </bndbox>
</object>
</annotation>
