<annotation verified="yes">
    <folder>Annotation</folder>
    <filename>cat.282.jpg</filename>
    <path>Cat-PascalVOC-export/Annotations/cat.282.jpg</path>
    <source>
        <database>Unknown</database>
    </source>
    <size>
        <width>256</width>
        <height>256</height>
        <depth>3</depth>
    </size>
    <segmented>0</segmented>
    <object>
    <name>cat</name>
    <pose>Unspecified</pose>
    <truncated>0</truncated>
    <difficult>0</difficult>
    <bndbox>
        <xmin>11.968363788841808</xmin>
        <ymin>6.653107896362994</ymin>
        <xmax>240.1988877118644</xmax>
        <ymax>241.5367231638418</ymax>
    </bndbox>
</object>
</annotation>
