<annotation verified="yes">
    <folder>Annotation</folder>
    <filename>cat.764.jpg</filename>
    <path>cat_new-PascalVOC-export/Annotations/cat.764.jpg</path>
    <source>
        <database>Unknown</database>
    </source>
    <size>
        <width>256</width>
        <height>256</height>
        <depth>3</depth>
    </size>
    <segmented>0</segmented>
    <object>
    <name>cat</name>
    <pose>Unspecified</pose>
    <truncated>0</truncated>
    <difficult>0</difficult>
    <bndbox>
        <xmin>7.340119615112994</xmin>
        <ymin>48.885874602754235</ymin>
        <xmax>210.40452860169492</xmax>
        <ymax>189.17966543079095</ymax>
    </bndbox>
</object>
</annotation>
