<annotation verified="yes">
    <folder>Annotation</folder>
    <filename>cat.165.jpg</filename>
    <path>Cat-PascalVOC-export/Annotations/cat.165.jpg</path>
    <source>
        <database>Unknown</database>
    </source>
    <size>
        <width>256</width>
        <height>256</height>
        <depth>3</depth>
    </size>
    <segmented>0</segmented>
    <object>
    <name>cat</name>
    <pose>Unspecified</pose>
    <truncated>0</truncated>
    <difficult>0</difficult>
    <bndbox>
        <xmin>18.910741084039547</xmin>
        <ymin>55.82825189795198</ymin>
        <xmax>213.58644509180792</xmax>
        <ymax>208.84973075564972</ymax>
    </bndbox>
</object>
</annotation>
