<annotation verified="yes">
    <folder>Annotation</folder>
    <filename>cat.298.jpg</filename>
    <path>Cat-PascalVOC-export/Annotations/cat.298.jpg</path>
    <source>
        <database>Unknown</database>
    </source>
    <size>
        <width>256</width>
        <height>256</height>
        <depth>3</depth>
    </size>
    <segmented>0</segmented>
    <object>
    <name>cat</name>
    <pose>Unspecified</pose>
    <truncated>0</truncated>
    <difficult>0</difficult>
    <bndbox>
        <xmin>28.239550229519775</xmin>
        <ymin>10.847457627118644</ymin>
        <xmax>250.3954802259887</xmax>
        <ymax>244.7186396539548</ymax>
    </bndbox>
</object>
</annotation>
