<annotation verified="yes">
    <folder>Annotation</folder>
    <filename>cat.4.jpg</filename>
    <path>Cat-PascalVOC-export/Annotations/cat.4.jpg</path>
    <source>
        <database>Unknown</database>
    </source>
    <size>
        <width>256</width>
        <height>256</height>
        <depth>3</depth>
    </size>
    <segmented>0</segmented>
    <object>
    <name>cat</name>
    <pose>Unspecified</pose>
    <truncated>0</truncated>
    <difficult>0</difficult>
    <bndbox>
        <xmin>50.440677966101696</xmin>
        <ymin>26.612431585451976</ymin>
        <xmax>248.00904837570621</xmax>
        <ymax>239.51187323446328</ymax>
    </bndbox>
</object>
</annotation>
