<annotation verified="yes">
    <folder>Annotation</folder>
    <filename>cat.123.jpg</filename>
    <path>Cat-PascalVOC-export/Annotations/cat.123.jpg</path>
    <source>
        <database>Unknown</database>
    </source>
    <size>
        <width>256</width>
        <height>256</height>
        <depth>3</depth>
    </size>
    <segmented>0</segmented>
    <object>
    <name>cat</name>
    <pose>Unspecified</pose>
    <truncated>0</truncated>
    <difficult>0</difficult>
    <bndbox>
        <xmin>1.2655367231638417</xmin>
        <ymin>28.926553672316384</ymin>
        <xmax>221.68588894774012</xmax>
        <ymax>237.7762844279661</ymax>
    </bndbox>
</object>
</annotation>
