<annotation verified="yes">
    <folder>Annotation</folder>
    <filename>cat.124.jpg</filename>
    <path>Cat-PascalVOC-export/Annotations/cat.124.jpg</path>
    <source>
        <database>Unknown</database>
    </source>
    <size>
        <width>256</width>
        <height>256</height>
        <depth>3</depth>
    </size>
    <segmented>0</segmented>
    <object>
    <name>cat</name>
    <pose>Unspecified</pose>
    <truncated>0</truncated>
    <difficult>0</difficult>
    <bndbox>
        <xmin>104.53334657485875</xmin>
        <ymin>91.11864406779661</ymin>
        <xmax>205.4870012358757</xmax>
        <ymax>242.69378972457628</ymax>
    </bndbox>
</object>
</annotation>
