<annotation verified="yes">
    <folder>Annotation</folder>
    <filename>cat.643.jpg</filename>
    <path>cat_new-PascalVOC-export/Annotations/cat.643.jpg</path>
    <source>
        <database>Unknown</database>
    </source>
    <size>
        <width>256</width>
        <height>256</height>
        <depth>3</depth>
    </size>
    <segmented>0</segmented>
    <object>
    <name>cat</name>
    <pose>Unspecified</pose>
    <truncated>0</truncated>
    <difficult>0</difficult>
    <bndbox>
        <xmin>23.683615819209038</xmin>
        <ymin>0</ymin>
        <xmax>239.3672316384181</xmax>
        <ymax>245.87570621468927</ymax>
    </bndbox>
</object>
</annotation>
