<annotation verified="yes">
    <folder>Annotation</folder>
    <filename>cat.648.jpg</filename>
    <path>cat_new-PascalVOC-export/Annotations/cat.648.jpg</path>
    <source>
        <database>Unknown</database>
    </source>
    <size>
        <width>256</width>
        <height>256</height>
        <depth>3</depth>
    </size>
    <segmented>0</segmented>
    <object>
    <name>cat</name>
    <pose>Unspecified</pose>
    <truncated>0</truncated>
    <difficult>0</difficult>
    <bndbox>
        <xmin>38.002262093926554</xmin>
        <ymin>45.414691472457626</ymin>
        <xmax>248.00904837570621</xmax>
        <ymax>222.73446327683615</ymax>
    </bndbox>
</object>
</annotation>
