<annotation verified="yes">
    <folder>Annotation</folder>
    <filename>cat.122.jpg</filename>
    <path>Cat-PascalVOC-export/Annotations/cat.122.jpg</path>
    <source>
        <database>Unknown</database>
    </source>
    <size>
        <width>256</width>
        <height>256</height>
        <depth>3</depth>
    </size>
    <segmented>0</segmented>
    <object>
    <name>cat</name>
    <pose>Unspecified</pose>
    <truncated>0</truncated>
    <difficult>0</difficult>
    <bndbox>
        <xmin>31.638418079096045</xmin>
        <ymin>3.1819220074152543</ymin>
        <xmax>228.04974399717514</xmax>
        <ymax>226.20566295903956</ymax>
    </bndbox>
</object>
</annotation>
