<annotation verified="yes">
    <folder>Annotation</folder>
    <filename>cat.276.jpg</filename>
    <path>Cat-PascalVOC-export/Annotations/cat.276.jpg</path>
    <source>
        <database>Unknown</database>
    </source>
    <size>
        <width>256</width>
        <height>256</height>
        <depth>3</depth>
    </size>
    <segmented>0</segmented>
    <object>
    <name>cat</name>
    <pose>Unspecified</pose>
    <truncated>0</truncated>
    <difficult>0</difficult>
    <bndbox>
        <xmin>32.50621248234463</xmin>
        <ymin>19.091526527189266</ymin>
        <xmax>236.47457627118644</xmax>
        <ymax>231.41242937853107</ymax>
    </bndbox>
</object>
</annotation>
