<annotation verified="yes">
    <folder>Annotation</folder>
    <filename>cat.155.jpg</filename>
    <path>Cat-PascalVOC-export/Annotations/cat.155.jpg</path>
    <source>
        <database>Unknown</database>
    </source>
    <size>
        <width>256</width>
        <height>256</height>
        <depth>3</depth>
    </size>
    <segmented>0</segmented>
    <object>
    <name>cat</name>
    <pose>Unspecified</pose>
    <truncated>0</truncated>
    <difficult>0</difficult>
    <bndbox>
        <xmin>29.25198622881356</xmin>
        <ymin>0</ymin>
        <xmax>249.85310734463278</xmax>
        <ymax>254.55367231638417</ymax>
    </bndbox>
</object>
</annotation>
