<annotation verified="yes">
    <folder>Annotation</folder>
    <filename>cat.18.jpg</filename>
    <path>Cat-PascalVOC-export/Annotations/cat.18.jpg</path>
    <source>
        <database>Unknown</database>
    </source>
    <size>
        <width>256</width>
        <height>256</height>
        <depth>3</depth>
    </size>
    <segmented>0</segmented>
    <object>
    <name>cat</name>
    <pose>Unspecified</pose>
    <truncated>0</truncated>
    <difficult>0</difficult>
    <bndbox>
        <xmin>30.770623675847457</xmin>
        <ymin>0.8677971618997176</ymin>
        <xmax>230.07459392655366</xmax>
        <ymax>224.75933527542372</ymax>
    </bndbox>
</object>
</annotation>
