<annotation verified="yes">
    <folder>Annotation</folder>
    <filename>cat.108.jpg</filename>
    <path>Cat-PascalVOC-export/Annotations/cat.108.jpg</path>
    <source>
        <database>Unknown</database>
    </source>
    <size>
        <width>256</width>
        <height>256</height>
        <depth>3</depth>
    </size>
    <segmented>0</segmented>
    <object>
    <name>cat</name>
    <pose>Unspecified</pose>
    <truncated>0</truncated>
    <difficult>0</difficult>
    <bndbox>
        <xmin>38.94237729519774</xmin>
        <ymin>67.68814000706215</ymin>
        <xmax>240.84970868644066</xmax>
        <ymax>239.22261211158192</ymax>
    </bndbox>
</object>
</annotation>
