<annotation verified="yes">
    <folder>Annotation</folder>
    <filename>cat.238.jpg</filename>
    <path>Cat-PascalVOC-export/Annotations/cat.238.jpg</path>
    <source>
        <database>Unknown</database>
    </source>
    <size>
        <width>256</width>
        <height>256</height>
        <depth>3</depth>
    </size>
    <segmented>0</segmented>
    <object>
    <name>cat</name>
    <pose>Unspecified</pose>
    <truncated>0</truncated>
    <difficult>0</difficult>
    <bndbox>
        <xmin>4.15819209039548</xmin>
        <ymin>10.124293785310734</ymin>
        <xmax>243.09154307909606</xmax>
        <ymax>205.95707538841808</ymax>
    </bndbox>
</object>
</annotation>
