<annotation verified="yes">
    <folder>Annotation</folder>
    <filename>cat.41.jpg</filename>
    <path>Cat-PascalVOC-export/Annotations/cat.41.jpg</path>
    <source>
        <database>Unknown</database>
    </source>
    <size>
        <width>256</width>
        <height>256</height>
        <depth>3</depth>
    </size>
    <segmented>0</segmented>
    <object>
    <name>cat</name>
    <pose>Unspecified</pose>
    <truncated>0</truncated>
    <difficult>0</difficult>
    <bndbox>
        <xmin>6.761586334745763</xmin>
        <ymin>55.53898525776836</ymin>
        <xmax>246.8520038841808</xmax>
        <ymax>231.9909736935028</ymax>
    </bndbox>
</object>
</annotation>
