<annotation verified="yes">
    <folder>Annotation</folder>
    <filename>cat.275.jpg</filename>
    <path>Cat-PascalVOC-export/Annotations/cat.275.jpg</path>
    <source>
        <database>Unknown</database>
    </source>
    <size>
        <width>256</width>
        <height>256</height>
        <depth>3</depth>
    </size>
    <segmented>0</segmented>
    <object>
    <name>cat</name>
    <pose>Unspecified</pose>
    <truncated>0</truncated>
    <difficult>0</difficult>
    <bndbox>
        <xmin>19.200002206920903</xmin>
        <ymin>13.595482432909604</ymin>
        <xmax>241.64521539548022</xmax>
        <ymax>252.818083509887</ymax>
    </bndbox>
</object>
</annotation>
