<annotation verified="yes">
    <folder>Annotation</folder>
    <filename>cat.749.jpg</filename>
    <path>cat_new-PascalVOC-export/Annotations/cat.749.jpg</path>
    <source>
        <database>Unknown</database>
    </source>
    <size>
        <width>256</width>
        <height>256</height>
        <depth>3</depth>
    </size>
    <segmented>0</segmented>
    <object>
    <name>cat</name>
    <pose>Unspecified</pose>
    <truncated>0</truncated>
    <difficult>0</difficult>
    <bndbox>
        <xmin>0</xmin>
        <ymin>27.190959348516948</ymin>
        <xmax>241.35593220338984</xmax>
        <ymax>229.67684057203388</ymax>
    </bndbox>
</object>
</annotation>
