<annotation verified="yes">
    <folder>Annotation</folder>
    <filename>cat.683.jpg</filename>
    <path>cat_new-PascalVOC-export/Annotations/cat.683.jpg</path>
    <source>
        <database>Unknown</database>
    </source>
    <size>
        <width>256</width>
        <height>256</height>
        <depth>3</depth>
    </size>
    <segmented>0</segmented>
    <object>
    <name>cat</name>
    <pose>Unspecified</pose>
    <truncated>0</truncated>
    <difficult>0</difficult>
    <bndbox>
        <xmin>17.753674523305083</xmin>
        <ymin>32.97627008298023</ymin>
        <xmax>248.58757062146893</xmax>
        <ymax>239.51187323446328</ymax>
    </bndbox>
</object>
</annotation>
