<annotation verified="yes">
    <folder>Annotation</folder>
    <filename>cat.186.jpg</filename>
    <path>Cat-PascalVOC-export/Annotations/cat.186.jpg</path>
    <source>
        <database>Unknown</database>
    </source>
    <size>
        <width>256</width>
        <height>256</height>
        <depth>3</depth>
    </size>
    <segmented>0</segmented>
    <object>
    <name>cat</name>
    <pose>Unspecified</pose>
    <truncated>0</truncated>
    <difficult>0</difficult>
    <bndbox>
        <xmin>4.15819209039548</xmin>
        <ymin>10.41356042549435</ymin>
        <xmax>247.71976518361583</xmax>
        <ymax>247.61129502118644</ymax>
    </bndbox>
</object>
</annotation>
