<annotation verified="yes">
    <folder>Annotation</folder>
    <filename>cat.718.jpg</filename>
    <path>cat_new-PascalVOC-export/Annotations/cat.718.jpg</path>
    <source>
        <database>Unknown</database>
    </source>
    <size>
        <width>256</width>
        <height>256</height>
        <depth>3</depth>
    </size>
    <segmented>0</segmented>
    <object>
    <name>cat</name>
    <pose>Unspecified</pose>
    <truncated>0</truncated>
    <difficult>0</difficult>
    <bndbox>
        <xmin>37.42372881355932</xmin>
        <ymin>19.380793167372882</ymin>
        <xmax>243.67006532485874</xmax>
        <ymax>246.454250529661</ymax>
    </bndbox>
</object>
</annotation>
