<annotation verified="yes">
    <folder>Annotation</folder>
    <filename>cat.763.jpg</filename>
    <path>cat_new-PascalVOC-export/Annotations/cat.763.jpg</path>
    <source>
        <database>Unknown</database>
    </source>
    <size>
        <width>256</width>
        <height>256</height>
        <depth>3</depth>
    </size>
    <segmented>0</segmented>
    <object>
    <name>cat</name>
    <pose>Unspecified</pose>
    <truncated>0</truncated>
    <difficult>0</difficult>
    <bndbox>
        <xmin>0</xmin>
        <ymin>16.3435017213983</ymin>
        <xmax>249.52768582274012</xmax>
        <ymax>212.17626677259886</ymax>
    </bndbox>
</object>
</annotation>
