<annotation verified="yes">
    <folder>Annotation</folder>
    <filename>cat.676.jpg</filename>
    <path>cat_new-PascalVOC-export/Annotations/cat.676.jpg</path>
    <source>
        <database>Unknown</database>
    </source>
    <size>
        <width>256</width>
        <height>256</height>
        <depth>3</depth>
    </size>
    <segmented>0</segmented>
    <object>
    <name>cat</name>
    <pose>Unspecified</pose>
    <truncated>0</truncated>
    <difficult>0</difficult>
    <bndbox>
        <xmin>13.414691472457626</xmin>
        <ymin>75.49831170550847</ymin>
        <xmax>256</xmax>
        <ymax>230.83390713276833</ymax>
    </bndbox>
</object>
</annotation>
