<annotation verified="yes">
    <folder>Annotation</folder>
    <filename>cat.12.jpg</filename>
    <path>Cat-PascalVOC-export/Annotations/cat.12.jpg</path>
    <source>
        <database>Unknown</database>
    </source>
    <size>
        <width>256</width>
        <height>256</height>
        <depth>3</depth>
    </size>
    <segmented>0</segmented>
    <object>
    <name>cat</name>
    <pose>Unspecified</pose>
    <truncated>0</truncated>
    <difficult>0</difficult>
    <bndbox>
        <xmin>34.241812323446325</xmin>
        <ymin>23.141242937853107</ymin>
        <xmax>205.19774011299432</xmax>
        <ymax>214.635041490113</ymax>
    </bndbox>
</object>
</annotation>
