<annotation verified="yes">
    <folder>Annotation</folder>
    <filename>cat.130.jpg</filename>
    <path>Cat-PascalVOC-export/Annotations/cat.130.jpg</path>
    <source>
        <database>Unknown</database>
    </source>
    <size>
        <width>256</width>
        <height>256</height>
        <depth>3</depth>
    </size>
    <segmented>0</segmented>
    <object>
    <name>cat</name>
    <pose>Unspecified</pose>
    <truncated>0</truncated>
    <difficult>0</difficult>
    <bndbox>
        <xmin>4.736725370762712</xmin>
        <ymin>15.90960451977401</ymin>
        <xmax>217.636167019774</xmax>
        <ymax>240.9582009180791</ymax>
    </bndbox>
</object>
</annotation>
