<annotation verified="yes">
    <folder>Annotation</folder>
    <filename>cat.818.jpg</filename>
    <path>cat_new-PascalVOC-export/Annotations/cat.818.jpg</path>
    <source>
        <database>Unknown</database>
    </source>
    <size>
        <width>256</width>
        <height>256</height>
        <depth>3</depth>
    </size>
    <segmented>0</segmented>
    <object>
    <name>cat</name>
    <pose>Unspecified</pose>
    <truncated>0</truncated>
    <difficult>0</difficult>
    <bndbox>
        <xmin>64</xmin>
        <ymin>59.588707185734464</ymin>
        <xmax>197.96610169491527</xmax>
        <ymax>212.61016949152543</ymax>
    </bndbox>
</object>
</annotation>
