<annotation verified="yes">
    <folder>Annotation</folder>
    <filename>cat.147.jpg</filename>
    <path>Cat-PascalVOC-export/Annotations/cat.147.jpg</path>
    <source>
        <database>Unknown</database>
    </source>
    <size>
        <width>256</width>
        <height>256</height>
        <depth>3</depth>
    </size>
    <segmented>0</segmented>
    <object>
    <name>cat</name>
    <pose>Unspecified</pose>
    <truncated>0</truncated>
    <difficult>0</difficult>
    <bndbox>
        <xmin>59.769487111581924</xmin>
        <ymin>8.533332781603107</ymin>
        <xmax>202.3774055437853</xmax>
        <ymax>240.23503707627117</ymax>
    </bndbox>
</object>
</annotation>
