<annotation verified="yes">
    <folder>Annotation</folder>
    <filename>cat.730.jpg</filename>
    <path>cat_new-PascalVOC-export/Annotations/cat.730.jpg</path>
    <source>
        <database>Unknown</database>
    </source>
    <size>
        <width>256</width>
        <height>256</height>
        <depth>3</depth>
    </size>
    <segmented>0</segmented>
    <object>
    <name>cat</name>
    <pose>Unspecified</pose>
    <truncated>0</truncated>
    <difficult>0</difficult>
    <bndbox>
        <xmin>1.8440700035310735</xmin>
        <ymin>14.174010195974576</ymin>
        <xmax>256</xmax>
        <ymax>251.95027807203388</ymax>
    </bndbox>
</object>
</annotation>
