<annotation verified="yes">
    <folder>Annotation</folder>
    <filename>cat.116.jpg</filename>
    <path>Cat-PascalVOC-export/Annotations/cat.116.jpg</path>
    <source>
        <database>Unknown</database>
    </source>
    <size>
        <width>256</width>
        <height>256</height>
        <depth>3</depth>
    </size>
    <segmented>0</segmented>
    <object>
    <name>cat</name>
    <pose>Unspecified</pose>
    <truncated>0</truncated>
    <difficult>0</difficult>
    <bndbox>
        <xmin>71.55707097457628</xmin>
        <ymin>4.338983050847458</ymin>
        <xmax>169.61809233757063</xmax>
        <ymax>171.53447210451975</ymax>
    </bndbox>
</object>
</annotation>
