<annotation verified="yes">
    <folder>Annotation</folder>
    <filename>cat.128.jpg</filename>
    <path>Cat-PascalVOC-export/Annotations/cat.128.jpg</path>
    <source>
        <database>Unknown</database>
    </source>
    <size>
        <width>256</width>
        <height>256</height>
        <depth>3</depth>
    </size>
    <segmented>0</segmented>
    <object>
    <name>cat</name>
    <pose>Unspecified</pose>
    <truncated>0</truncated>
    <difficult>0</difficult>
    <bndbox>
        <xmin>93.54124735169492</xmin>
        <ymin>15.620337879590396</ymin>
        <xmax>213.87570621468927</xmax>
        <ymax>256</ymax>
    </bndbox>
</object>
</annotation>
