<annotation verified="yes">
    <folder>Annotation</folder>
    <filename>cat.0.jpg</filename>
    <path>Cat-PascalVOC-export/Annotations/cat.0.jpg</path>
    <source>
        <database>Unknown</database>
    </source>
    <size>
        <width>256</width>
        <height>256</height>
        <depth>3</depth>
    </size>
    <segmented>0</segmented>
    <object>
    <name>cat</name>
    <pose>Unspecified</pose>
    <truncated>0</truncated>
    <difficult>0</difficult>
    <bndbox>
        <xmin>55.35820533192091</xmin>
        <ymin>10.992090947210452</ymin>
        <xmax>197.38757944915255</xmax>
        <ymax>171.24521098163842</ymax>
    </bndbox>
</object>
</annotation>
