<annotation verified="yes">
    <folder>Annotation</folder>
    <filename>cat.748.jpg</filename>
    <path>cat_new-PascalVOC-export/Annotations/cat.748.jpg</path>
    <source>
        <database>Unknown</database>
    </source>
    <size>
        <width>256</width>
        <height>256</height>
        <depth>3</depth>
    </size>
    <segmented>0</segmented>
    <object>
    <name>cat</name>
    <pose>Unspecified</pose>
    <truncated>0</truncated>
    <difficult>0</difficult>
    <bndbox>
        <xmin>0.9762756002824858</xmin>
        <ymin>6.363841256179379</ymin>
        <xmax>245.11639300847457</xmax>
        <ymax>256</ymax>
    </bndbox>
</object>
</annotation>
