<annotation verified="yes">
    <folder>Annotation</folder>
    <filename>cat.724.jpg</filename>
    <path>cat_new-PascalVOC-export/Annotations/cat.724.jpg</path>
    <source>
        <database>Unknown</database>
    </source>
    <size>
        <width>256</width>
        <height>256</height>
        <depth>3</depth>
    </size>
    <segmented>0</segmented>
    <object>
    <name>cat</name>
    <pose>Unspecified</pose>
    <truncated>0</truncated>
    <difficult>0</difficult>
    <bndbox>
        <xmin>68.66441560734464</xmin>
        <ymin>157.36045639124293</ymin>
        <xmax>160.0723207980226</xmax>
        <ymax>231.12316825564972</ymax>
    </bndbox>
</object>
</annotation>
