<annotation verified="yes">
    <folder>Annotation</folder>
    <filename>cat.696.jpg</filename>
    <path>cat_new-PascalVOC-export/Annotations/cat.696.jpg</path>
    <source>
        <database>Unknown</database>
    </source>
    <size>
        <width>256</width>
        <height>256</height>
        <depth>3</depth>
    </size>
    <segmented>0</segmented>
    <object>
    <name>cat</name>
    <pose>Unspecified</pose>
    <truncated>0</truncated>
    <difficult>0</difficult>
    <bndbox>
        <xmin>1.8440700035310735</xmin>
        <ymin>41.364975061793785</ymin>
        <xmax>256</xmax>
        <ymax>167.1954890536723</ymax>
    </bndbox>
</object>
</annotation>
