<annotation verified="yes">
    <folder>Annotation</folder>
    <filename>cat.791.jpg</filename>
    <path>cat_new-PascalVOC-export/Annotations/cat.791.jpg</path>
    <source>
        <database>Unknown</database>
    </source>
    <size>
        <width>256</width>
        <height>256</height>
        <depth>3</depth>
    </size>
    <segmented>0</segmented>
    <object>
    <name>cat</name>
    <pose>Unspecified</pose>
    <truncated>0</truncated>
    <difficult>0</difficult>
    <bndbox>
        <xmin>20.646329890536723</xmin>
        <ymin>17.35593220338983</ymin>
        <xmax>213.58644509180792</xmax>
        <ymax>205.37853107344634</ymax>
    </bndbox>
</object>
</annotation>
