<annotation verified="yes">
    <folder>Annotation</folder>
    <filename>cat.133.jpg</filename>
    <path>Cat-PascalVOC-export/Annotations/cat.133.jpg</path>
    <source>
        <database>Unknown</database>
    </source>
    <size>
        <width>256</width>
        <height>256</height>
        <depth>3</depth>
    </size>
    <segmented>0</segmented>
    <object>
    <name>cat</name>
    <pose>Unspecified</pose>
    <truncated>0</truncated>
    <difficult>0</difficult>
    <bndbox>
        <xmin>67.2542372881356</xmin>
        <ymin>6.074577374646893</ymin>
        <xmax>246.2734375</xmax>
        <ymax>254.84293343926555</ymax>
    </bndbox>
</object>
</annotation>
