<annotation verified="yes">
    <folder>Annotation</folder>
    <filename>cat.200.jpg</filename>
    <path>Cat-PascalVOC-export/Annotations/cat.200.jpg</path>
    <source>
        <database>Unknown</database>
    </source>
    <size>
        <width>256</width>
        <height>256</height>
        <depth>3</depth>
    </size>
    <segmented>0</segmented>
    <object>
    <name>cat</name>
    <pose>Unspecified</pose>
    <truncated>0</truncated>
    <difficult>0</difficult>
    <bndbox>
        <xmin>73.5819209039548</xmin>
        <ymin>4.6282496910310735</ymin>
        <xmax>179.74238612288133</xmax>
        <ymax>193.22938735875707</ymax>
    </bndbox>
</object>
</annotation>
