<annotation verified="yes">
    <folder>Annotation</folder>
    <filename>cat.799.jpg</filename>
    <path>cat_new-PascalVOC-export/Annotations/cat.799.jpg</path>
    <source>
        <database>Unknown</database>
    </source>
    <size>
        <width>256</width>
        <height>256</height>
        <depth>3</depth>
    </size>
    <segmented>0</segmented>
    <object>
    <name>cat</name>
    <pose>Unspecified</pose>
    <truncated>0</truncated>
    <difficult>0</difficult>
    <bndbox>
        <xmin>27.29943502824859</xmin>
        <ymin>19.959320930437855</ymin>
        <xmax>165.27910928672316</xmax>
        <ymax>219.2632856638418</ymax>
    </bndbox>
</object>
</annotation>
