<annotation verified="yes">
    <folder>Annotation</folder>
    <filename>cat.654.jpg</filename>
    <path>cat_new-PascalVOC-export/Annotations/cat.654.jpg</path>
    <source>
        <database>Unknown</database>
    </source>
    <size>
        <width>256</width>
        <height>256</height>
        <depth>3</depth>
    </size>
    <segmented>0</segmented>
    <object>
    <name>cat</name>
    <pose>Unspecified</pose>
    <truncated>0</truncated>
    <difficult>0</difficult>
    <bndbox>
        <xmin>12.836158192090396</xmin>
        <ymin>75.49831170550847</ymin>
        <xmax>197.0983183262712</xmax>
        <ymax>229.38757944915255</ymax>
    </bndbox>
</object>
</annotation>
