<annotation verified="yes">
    <folder>Annotation</folder>
    <filename>cat.814.jpg</filename>
    <path>cat_new-PascalVOC-export/Annotations/cat.814.jpg</path>
    <source>
        <database>Unknown</database>
    </source>
    <size>
        <width>256</width>
        <height>256</height>
        <depth>3</depth>
    </size>
    <segmented>0</segmented>
    <object>
    <name>cat</name>
    <pose>Unspecified</pose>
    <truncated>0</truncated>
    <difficult>0</difficult>
    <bndbox>
        <xmin>21.224863170903955</xmin>
        <ymin>51.48926884710452</ymin>
        <xmax>178.58531956214688</xmax>
        <ymax>249.636167019774</ymax>
    </bndbox>
</object>
</annotation>
