<annotation verified="yes">
    <folder>Annotation</folder>
    <filename>cat.618.jpg</filename>
    <path>cat_new-PascalVOC-export/Annotations/cat.618.jpg</path>
    <source>
        <database>Unknown</database>
    </source>
    <size>
        <width>256</width>
        <height>256</height>
        <depth>3</depth>
    </size>
    <segmented>0</segmented>
    <object>
    <name>cat</name>
    <pose>Unspecified</pose>
    <truncated>0</truncated>
    <difficult>0</difficult>
    <bndbox>
        <xmin>62.91525423728814</xmin>
        <ymin>3.1819220074152543</ymin>
        <xmax>256</xmax>
        <ymax>247.61129502118646</ymax>
    </bndbox>
</object>
</annotation>
