<annotation verified="yes">
    <folder>Annotation</folder>
    <filename>cat.136.jpg</filename>
    <path>Cat-PascalVOC-export/Annotations/cat.136.jpg</path>
    <source>
        <database>Unknown</database>
    </source>
    <size>
        <width>256</width>
        <height>256</height>
        <depth>3</depth>
    </size>
    <segmented>0</segmented>
    <object>
    <name>cat</name>
    <pose>Unspecified</pose>
    <truncated>0</truncated>
    <difficult>0</difficult>
    <bndbox>
        <xmin>13.414691472457626</xmin>
        <ymin>15.041810116525424</ymin>
        <xmax>255.81920903954804</xmax>
        <ymax>218.3954802259887</ymax>
    </bndbox>
</object>
</annotation>
