<annotation verified="yes">
    <folder>Annotation</folder>
    <filename>cat.822.jpg</filename>
    <path>cat_new-PascalVOC-export/Annotations/cat.822.jpg</path>
    <source>
        <database>Unknown</database>
    </source>
    <size>
        <width>256</width>
        <height>256</height>
        <depth>3</depth>
    </size>
    <segmented>0</segmented>
    <object>
    <name>cat</name>
    <pose>Unspecified</pose>
    <truncated>0</truncated>
    <difficult>0</difficult>
    <bndbox>
        <xmin>29.035034869350284</xmin>
        <ymin>15.90960451977401</ymin>
        <xmax>223.13221663135593</xmax>
        <ymax>255.4214777542373</ymax>
    </bndbox>
</object>
</annotation>
